Handle,Title,Body (HTML),Vendor,Product Category,Type,Tags,Published,Option1 Name,Option1 Value,Option1 Linked To,Option2 Name,Option2 Value,Option2 Linked To,Option3 Name,Option3 Value,Option3 Linked To,Variant SKU,Variant Grams,Variant Inventory Tracker,Variant Inventory Qty,Variant Inventory Policy,Variant Fulfillment Service,Variant Price,Variant Compare At Price,Variant Requires Shipping,Variant Taxable,Unit Price Total Measure,Unit Price Total Measure Unit,Unit Price Base Measure,Unit Price Base Measure Unit,Variant Barcode,Image Src,Image Position,Image Alt Text,Gift Card,SEO Title,SEO Description,Google Shopping / Google Product Category,Google Shopping / Gender,Google Shopping / Age Group,Google Shopping / MPN,Google Shopping / Condition,Google Shopping / Custom Product,Google Shopping / Custom Label 0,Google Shopping / Custom Label 1,Google Shopping / Custom Label 2,Google Shopping / Custom Label 3,Google Shopping / Custom Label 4,Google: Custom Product (product.metafields.mm-google-shopping.custom_product),Complementary products (product.metafields.shopify--discovery--product_recommendation.complementary_products),Related products (product.metafields.shopify--discovery--product_recommendation.related_products),Related products settings (product.metafields.shopify--discovery--product_recommendation.related_products_display),Search product boosts (product.metafields.shopify--discovery--product_search_boost.queries),Variant Image,Variant Weight Unit,Variant Tax Code,Cost per item,Status
gesteppter-tischlaeufer-bluehender-garten,Gesteppter Tischläufer - Blühender Garten,"<p>Entdecke den Charme unseres gesteppten Tischläufers – gestaltet, um deinem Essbereich einen Hauch von Eleganz und Behaglichkeit zu verleihen!<br></p>
<p><strong>PRODUKTDETAILS:</strong></p>
<ul>
<li>
<strong>Hochwertiges Material:</strong> Unsere Tischläufer werden aus einer hochwertigen Baumwoll-Polyester-Mischung von Jetiy gefertigt und verbinden die Weichheit und Atmungsaktivität der Baumwolle mit der Langlebigkeit und Pflegeleichtigkeit des Polyesters.<br>
</li>
<li>
<strong>Verschiedene Größen:</strong> Damit für jeden Anlass das Passende dabei ist, gibt es unseren Tischläufer in drei praktischen Größen:<br>
</li>
</ul>
<p><strong>S: 36 cm × 122 cm </strong>- Perfekt für kleine Runden.<br><strong>M: 36 cm × 183 cm</strong> - Ideal für Tische in Standardgröße.<br><strong>L: 36 cm × 275 cm </strong>- Passend für festliche Bankette und lange Tafeln.<br></p>
<ul>
<li>
<strong>Vielfältige Designs: </strong>Entdecke unsere große Auswahl an bezaubernden Designs – jedes einzelne gestaltet, um die Atmosphäre bei Tisch mit seinem ganz eigenen Charme zu bereichern.<br>
</li>
<li>
<strong>Pflegeleicht: </strong>Das Leben ist schon kompliziert genug! Deshalb ist unser Tischläufer maschinenwaschbar und trocknergeeignet – das vereinfacht deine Reinigungsroutine.<br>
</li>
</ul>
<p>Alle Produkte werden auf Bestellung gefertigt und nach den besten verfügbaren Standards bedruckt. Werte deine Tischdekoration mit unserem bezaubernden gesteppten Tischläufer auf – dort, wo Stil auf Praktikabilität trifft!<br></p>
<p><strong>Hinweis: </strong>Da jedes unserer Produkte auf Bestellung gefertigt wird, kann es im Vergleich zu den Beispielfotos zu Abweichungen von etwa 20 % bei Farbe, Muster, Verarbeitung und Nähten kommen. Wir garantieren jedoch, dass das Hauptdesign wie abgebildet erhalten bleibt.<br></p>",Emma Frankfurt,,,Tischwäsche,true,Größe,S (36 cm × 122 cm),,,,,,,,DHOD1-BZ523002,0.0,,0,continue,manual,44.95,139.95,true,true,,,,,,https://cdn.shopify.com/s/files/1/1059/9569/8513/files/BloomingGardenQuiltedTableRunnerNCU0DV2131.webp?v=1787062397,1,,false,,,,,,,,,,,,,,,,,,,,kg,,,active
gesteppter-tischlaeufer-bluehender-garten,,,,,,,,,M (36 cm × 183 cm),,,,,,,,DHOD1-BZ523003,0.0,,0,continue,manual,49.95,154.95,true,true,,,,,,,,,,,,,,,,,,,,,,,,,,,,,kg,,,
gesteppter-tischlaeufer-bluehender-garten,,,,,,,,,L (36 cm × 275 cm),,,,,,,,,0.0,,0,continue,manual,54.95,169.95,true,true,,,,,,,,,,,,,,,,,,,,,,,,,,,,,kg,,,
gesteppter-tischlaeufer-stille-magnolie,Gesteppter Tischläufer - Stille Magnolie,"<p>Entdecke den Charme unseres gesteppten Tischläufers – gestaltet, um deinem Essbereich einen Hauch von Eleganz und Behaglichkeit zu verleihen!<br></p>
<p><strong>PRODUKTDETAILS:</strong></p>
<ul>
<li>
<strong>Hochwertiges Material:</strong> Unsere Tischläufer werden aus einer hochwertigen Baumwoll-Polyester-Mischung von Jetiy gefertigt und verbinden die Weichheit und Atmungsaktivität der Baumwolle mit der Langlebigkeit und Pflegeleichtigkeit des Polyesters.<br>
</li>
<li>
<strong>Verschiedene Größen:</strong> Damit für jeden Anlass das Passende dabei ist, gibt es unseren Tischläufer in drei praktischen Größen:<br>
</li>
</ul>
<p><strong>S: 36 cm × 122 cm </strong>- Perfekt für kleine Runden.<br><strong>M: 36 cm × 183 cm</strong> - Ideal für Tische in Standardgröße.<br><strong>L: 36 cm × 275 cm </strong>- Passend für festliche Bankette und lange Tafeln.<br></p>
<ul>
<li>
<strong>Vielfältige Designs: </strong>Entdecke unsere große Auswahl an bezaubernden Designs – jedes einzelne gestaltet, um die Atmosphäre bei Tisch mit seinem ganz eigenen Charme zu bereichern.<br>
</li>
<li>
<strong>Pflegeleicht: </strong>Das Leben ist schon kompliziert genug! Deshalb ist unser Tischläufer maschinenwaschbar und trocknergeeignet – das vereinfacht deine Reinigungsroutine.<br>
</li>
</ul>
<p>Alle Produkte werden auf Bestellung gefertigt und nach den besten verfügbaren Standards bedruckt. Werte deine Tischdekoration mit unserem bezaubernden gesteppten Tischläufer auf – dort, wo Stil auf Praktikabilität trifft!<br></p>
<p><strong>Hinweis: </strong>Da jedes unserer Produkte auf Bestellung gefertigt wird, kann es im Vergleich zu den Beispielfotos zu Abweichungen von etwa 20 % bei Farbe, Muster, Verarbeitung und Nähten kommen. Wir garantieren jedoch, dass das Hauptdesign wie abgebildet erhalten bleibt.<br></p>",Emma Frankfurt,,,Tischwäsche,true,Größe,S (36 cm × 122 cm),,,,,,,,DHOD1-BZ523002,0.0,,0,continue,manual,44.95,139.95,true,true,,,,,,https://cdn.shopify.com/s/files/1/1059/9569/8513/files/Magnolia_Tranquil_Quilted_Table_Runner_NCU0PT6458_c8df7e0e-d089-4a57-80e9-4f2727b946df.webp?v=1787062397,1,,false,,,,,,,,,,,,,,,,,,,,kg,,,active
gesteppter-tischlaeufer-stille-magnolie,,,,,,,,,M (36 cm × 183 cm),,,,,,,,DHOD1-BZ523003,0.0,,0,continue,manual,49.95,154.95,true,true,,,,,,,,,,,,,,,,,,,,,,,,,,,,,kg,,,
gesteppter-tischlaeufer-stille-magnolie,,,,,,,,,L (36 cm × 275 cm),,,,,,,,,0.0,,0,continue,manual,54.95,169.95,true,true,,,,,,,,,,,,,,,,,,,,,,,,,,,,,kg,,,
gesteppter-tischlaeufer-sonnenblumengarten,Gesteppter Tischläufer - Sonnenblumengarten,"<p>Entdecke den Charme unseres gesteppten Tischläufers – gestaltet, um deinem Essbereich einen Hauch von Eleganz und Behaglichkeit zu verleihen!<br></p>
<p><strong>PRODUKTDETAILS:</strong></p>
<ul>
<li>
<strong>Hochwertiges Material:</strong> Unsere Tischläufer werden aus einer hochwertigen Baumwoll-Polyester-Mischung von Jetiy gefertigt und verbinden die Weichheit und Atmungsaktivität der Baumwolle mit der Langlebigkeit und Pflegeleichtigkeit des Polyesters.<br>
</li>
<li>
<strong>Verschiedene Größen:</strong> Damit für jeden Anlass das Passende dabei ist, gibt es unseren Tischläufer in drei praktischen Größen:<br>
</li>
</ul>
<p><strong>S: 36 cm × 122 cm </strong>- Perfekt für kleine Runden.<br><strong>M: 36 cm × 183 cm</strong> - Ideal für Tische in Standardgröße.<br><strong>L: 36 cm × 275 cm </strong>- Passend für festliche Bankette und lange Tafeln.<br></p>
<ul>
<li>
<strong>Vielfältige Designs: </strong>Entdecke unsere große Auswahl an bezaubernden Designs – jedes einzelne gestaltet, um die Atmosphäre bei Tisch mit seinem ganz eigenen Charme zu bereichern.<br>
</li>
<li>
<strong>Pflegeleicht: </strong>Das Leben ist schon kompliziert genug! Deshalb ist unser Tischläufer maschinenwaschbar und trocknergeeignet – das vereinfacht deine Reinigungsroutine.<br>
</li>
</ul>
<p>Alle Produkte werden auf Bestellung gefertigt und nach den besten verfügbaren Standards bedruckt. Werte deine Tischdekoration mit unserem bezaubernden gesteppten Tischläufer auf – dort, wo Stil auf Praktikabilität trifft!<br></p>
<p><strong>Hinweis: </strong>Da jedes unserer Produkte auf Bestellung gefertigt wird, kann es im Vergleich zu den Beispielfotos zu Abweichungen von etwa 20 % bei Farbe, Muster, Verarbeitung und Nähten kommen. Wir garantieren jedoch, dass das Hauptdesign wie abgebildet erhalten bleibt.<br></p>",Emma Frankfurt,,,Tischwäsche,true,Größe,S (36 cm × 122 cm),,,,,,,,DHOD1-BZ523002,0.0,,0,continue,manual,44.95,139.95,true,true,,,,,,https://cdn.shopify.com/s/files/1/1059/9569/8513/files/Artistic-Sunflowers-Garden-Quilted-Table-Runner-NCU0TL040_55c5f11a-bffc-4cde-895d-daab53599a4a.webp?v=1787062397,1,,false,,,,,,,,,,,,,,,,,,,,kg,,,active
gesteppter-tischlaeufer-sonnenblumengarten,,,,,,,,,M (36 cm × 183 cm),,,,,,,,DHOD1-BZ523003,0.0,,0,continue,manual,49.95,154.95,true,true,,,,,,,,,,,,,,,,,,,,,,,,,,,,,kg,,,
gesteppter-tischlaeufer-sonnenblumengarten,,,,,,,,,L (36 cm × 275 cm),,,,,,,,,0.0,,0,continue,manual,54.95,169.95,true,true,,,,,,,,,,,,,,,,,,,,,,,,,,,,,kg,,,
gesteppter-tischlaeufer-frangipani-blueten,Gesteppter Tischläufer - Frangipani-Blüten,"<p>Entdecke den Charme unseres gesteppten Tischläufers – gestaltet, um deinem Essbereich einen Hauch von Eleganz und Behaglichkeit zu verleihen!<br></p>
<p><strong>PRODUKTDETAILS:</strong></p>
<ul>
<li>
<strong>Hochwertiges Material:</strong> Unsere Tischläufer werden aus einer hochwertigen Baumwoll-Polyester-Mischung von Jetiy gefertigt und verbinden die Weichheit und Atmungsaktivität der Baumwolle mit der Langlebigkeit und Pflegeleichtigkeit des Polyesters.<br>
</li>
<li>
<strong>Verschiedene Größen:</strong> Damit für jeden Anlass das Passende dabei ist, gibt es unseren Tischläufer in drei praktischen Größen:<br>
</li>
</ul>
<p><strong>S: 36 cm × 122 cm </strong>- Perfekt für kleine Runden.<br><strong>M: 36 cm × 183 cm</strong> - Ideal für Tische in Standardgröße.<br><strong>L: 36 cm × 275 cm </strong>- Passend für festliche Bankette und lange Tafeln.<br></p>
<ul>
<li>
<strong>Vielfältige Designs: </strong>Entdecke unsere große Auswahl an bezaubernden Designs – jedes einzelne gestaltet, um die Atmosphäre bei Tisch mit seinem ganz eigenen Charme zu bereichern.<br>
</li>
<li>
<strong>Pflegeleicht: </strong>Das Leben ist schon kompliziert genug! Deshalb ist unser Tischläufer maschinenwaschbar und trocknergeeignet – das vereinfacht deine Reinigungsroutine.<br>
</li>
</ul>
<p>Alle Produkte werden auf Bestellung gefertigt und nach den besten verfügbaren Standards bedruckt. Werte deine Tischdekoration mit unserem bezaubernden gesteppten Tischläufer auf – dort, wo Stil auf Praktikabilität trifft!<br></p>
<p><strong>Hinweis: </strong>Da jedes unserer Produkte auf Bestellung gefertigt wird, kann es im Vergleich zu den Beispielfotos zu Abweichungen von etwa 20 % bei Farbe, Muster, Verarbeitung und Nähten kommen. Wir garantieren jedoch, dass das Hauptdesign wie abgebildet erhalten bleibt.<br></p>",Emma Frankfurt,,,Tischwäsche,true,Größe,S (36 cm × 122 cm),,,,,,,,DHOD1-BZ523002,0.0,,0,continue,manual,44.95,139.95,true,true,,,,,,https://cdn.shopify.com/s/files/1/1059/9569/8513/files/Plumeria_Bloom_Quilted_Table_Runner_NCU0VL1901_63e6b1f5-91b5-4a91-a5e9-cde050af55b5.webp?v=1787062397,1,,false,,,,,,,,,,,,,,,,,,,,kg,,,active
gesteppter-tischlaeufer-frangipani-blueten,,,,,,,,,M (36 cm × 183 cm),,,,,,,,DHOD1-BZ523003,0.0,,0,continue,manual,49.95,154.95,true,true,,,,,,,,,,,,,,,,,,,,,,,,,,,,,kg,,,
gesteppter-tischlaeufer-frangipani-blueten,,,,,,,,,L (36 cm × 275 cm),,,,,,,,,0.0,,0,continue,manual,54.95,169.95,true,true,,,,,,,,,,,,,,,,,,,,,,,,,,,,,kg,,,
gesteppter-tischlaeufer-herzen-und-rosen,Gesteppter Tischläufer - Herzen und Rosen,"<p>Entdecke den Charme unseres gesteppten Tischläufers – gestaltet, um deinem Essbereich einen Hauch von Eleganz und Behaglichkeit zu verleihen!<br></p>
<p><strong>PRODUKTDETAILS:</strong></p>
<ul>
<li>
<strong>Hochwertiges Material:</strong> Unsere Tischläufer werden aus einer hochwertigen Baumwoll-Polyester-Mischung von Jetiy gefertigt und verbinden die Weichheit und Atmungsaktivität der Baumwolle mit der Langlebigkeit und Pflegeleichtigkeit des Polyesters.<br>
</li>
<li>
<strong>Verschiedene Größen:</strong> Damit für jeden Anlass das Passende dabei ist, gibt es unseren Tischläufer in drei praktischen Größen:<br>
</li>
</ul>
<p><strong>S: 36 cm × 122 cm </strong>- Perfekt für kleine Runden.<br><strong>M: 36 cm × 183 cm</strong> - Ideal für Tische in Standardgröße.<br><strong>L: 36 cm × 275 cm </strong>- Passend für festliche Bankette und lange Tafeln.<br></p>
<ul>
<li>
<strong>Vielfältige Designs: </strong>Entdecke unsere große Auswahl an bezaubernden Designs – jedes einzelne gestaltet, um die Atmosphäre bei Tisch mit seinem ganz eigenen Charme zu bereichern.<br>
</li>
<li>
<strong>Pflegeleicht: </strong>Das Leben ist schon kompliziert genug! Deshalb ist unser Tischläufer maschinenwaschbar und trocknergeeignet – das vereinfacht deine Reinigungsroutine.<br>
</li>
</ul>
<p>Alle Produkte werden auf Bestellung gefertigt und nach den besten verfügbaren Standards bedruckt. Werte deine Tischdekoration mit unserem bezaubernden gesteppten Tischläufer auf – dort, wo Stil auf Praktikabilität trifft!<br></p>
<p><strong>Hinweis: </strong>Da jedes unserer Produkte auf Bestellung gefertigt wird, kann es im Vergleich zu den Beispielfotos zu Abweichungen von etwa 20 % bei Farbe, Muster, Verarbeitung und Nähten kommen. Wir garantieren jedoch, dass das Hauptdesign wie abgebildet erhalten bleibt.<br></p>",Emma Frankfurt,,,Tischwäsche,true,Größe,S (36 cm × 122 cm),,,,,,,,DHOD1-BZ523002,0.0,,0,continue,manual,44.95,139.95,true,true,,,,,,https://cdn.shopify.com/s/files/1/1059/9569/8513/files/Blush_Rose_Cottage_Heart_Quilted_Table_Runner_NCU0XD2216_8922a4a3-2be7-429a-a0c8-1656d2653901.jpg?v=1787062397,1,,false,,,,,,,,,,,,,,,,,,,,kg,,,active
gesteppter-tischlaeufer-herzen-und-rosen,,,,,,,,,M (36 cm × 183 cm),,,,,,,,DHOD1-BZ523003,0.0,,0,continue,manual,49.95,154.95,true,true,,,,,,,,,,,,,,,,,,,,,,,,,,,,,kg,,,
gesteppter-tischlaeufer-herzen-und-rosen,,,,,,,,,L (36 cm × 275 cm),,,,,,,,,0.0,,0,continue,manual,54.95,169.95,true,true,,,,,,,,,,,,,,,,,,,,,,,,,,,,,kg,,,
gesteppter-tischlaeufer-koi-traum,Gesteppter Tischläufer - Koi-Traum,"<p>Entdecke den Charme unseres gesteppten Tischläufers – gestaltet, um deinem Essbereich einen Hauch von Eleganz und Behaglichkeit zu verleihen!<br></p>
<p><strong>PRODUKTDETAILS:</strong></p>
<ul>
<li>
<strong>Hochwertiges Material:</strong> Unsere Tischläufer werden aus einer hochwertigen Baumwoll-Polyester-Mischung von Jetiy gefertigt und verbinden die Weichheit und Atmungsaktivität der Baumwolle mit der Langlebigkeit und Pflegeleichtigkeit des Polyesters.<br>
</li>
<li>
<strong>Verschiedene Größen:</strong> Damit für jeden Anlass das Passende dabei ist, gibt es unseren Tischläufer in drei praktischen Größen:<br>
</li>
</ul>
<p><strong>S: 36 cm × 122 cm </strong>- Perfekt für kleine Runden.<br><strong>M: 36 cm × 183 cm</strong> - Ideal für Tische in Standardgröße.<br><strong>L: 36 cm × 275 cm </strong>- Passend für festliche Bankette und lange Tafeln.<br></p>
<ul>
<li>
<strong>Vielfältige Designs: </strong>Entdecke unsere große Auswahl an bezaubernden Designs – jedes einzelne gestaltet, um die Atmosphäre bei Tisch mit seinem ganz eigenen Charme zu bereichern.<br>
</li>
<li>
<strong>Pflegeleicht: </strong>Das Leben ist schon kompliziert genug! Deshalb ist unser Tischläufer maschinenwaschbar und trocknergeeignet – das vereinfacht deine Reinigungsroutine.<br>
</li>
</ul>
<p>Alle Produkte werden auf Bestellung gefertigt und nach den besten verfügbaren Standards bedruckt. Werte deine Tischdekoration mit unserem bezaubernden gesteppten Tischläufer auf – dort, wo Stil auf Praktikabilität trifft!<br></p>
<p><strong>Hinweis: </strong>Da jedes unserer Produkte auf Bestellung gefertigt wird, kann es im Vergleich zu den Beispielfotos zu Abweichungen von etwa 20 % bei Farbe, Muster, Verarbeitung und Nähten kommen. Wir garantieren jedoch, dass das Hauptdesign wie abgebildet erhalten bleibt.<br></p>",Emma Frankfurt,,,Tischwäsche,true,Größe,S (36 cm × 122 cm),,,,,,,,DHOD1-BZ523002,0.0,,0,continue,manual,44.95,139.95,true,true,,,,,,https://cdn.shopify.com/s/files/1/1059/9569/8513/files/Koi_Dream_Quilted_Table_Runner_NCU0DK7519_14156edb-d036-49e4-bac3-c22bdcfa2121.webp?v=1787062398,1,,false,,,,,,,,,,,,,,,,,,,,kg,,,active
gesteppter-tischlaeufer-koi-traum,,,,,,,,,M (36 cm × 183 cm),,,,,,,,DHOD1-BZ523003,0.0,,0,continue,manual,49.95,154.95,true,true,,,,,,,,,,,,,,,,,,,,,,,,,,,,,kg,,,
gesteppter-tischlaeufer-koi-traum,,,,,,,,,L (36 cm × 275 cm),,,,,,,,,0.0,,0,continue,manual,54.95,169.95,true,true,,,,,,,,,,,,,,,,,,,,,,,,,,,,,kg,,,
gesteppter-tischlaeufer-kuerbiszeit,Gesteppter Tischläufer - Kürbiszeit,"<p>Entdecke den Charme unseres gesteppten Tischläufers – gestaltet, um deinem Essbereich einen Hauch von Eleganz und Behaglichkeit zu verleihen!<br></p>
<p><strong>PRODUKTDETAILS:</strong></p>
<ul>
<li>
<strong>Hochwertiges Material:</strong> Unsere Tischläufer werden aus einer hochwertigen Baumwoll-Polyester-Mischung von Jetiy gefertigt und verbinden die Weichheit und Atmungsaktivität der Baumwolle mit der Langlebigkeit und Pflegeleichtigkeit des Polyesters.<br>
</li>
<li>
<strong>Verschiedene Größen:</strong> Damit für jeden Anlass das Passende dabei ist, gibt es unseren Tischläufer in drei praktischen Größen:<br>
</li>
</ul>
<p><strong>S: 36 cm × 122 cm </strong>- Perfekt für kleine Runden.<br><strong>M: 36 cm × 183 cm</strong> - Ideal für Tische in Standardgröße.<br><strong>L: 36 cm × 275 cm </strong>- Passend für festliche Bankette und lange Tafeln.<br></p>
<ul>
<li>
<strong>Vielfältige Designs: </strong>Entdecke unsere große Auswahl an bezaubernden Designs – jedes einzelne gestaltet, um die Atmosphäre bei Tisch mit seinem ganz eigenen Charme zu bereichern.<br>
</li>
<li>
<strong>Pflegeleicht: </strong>Das Leben ist schon kompliziert genug! Deshalb ist unser Tischläufer maschinenwaschbar und trocknergeeignet – das vereinfacht deine Reinigungsroutine.<br>
</li>
</ul>
<p>Alle Produkte werden auf Bestellung gefertigt und nach den besten verfügbaren Standards bedruckt. Werte deine Tischdekoration mit unserem bezaubernden gesteppten Tischläufer auf – dort, wo Stil auf Praktikabilität trifft!<br></p>
<p><strong>Hinweis: </strong>Da jedes unserer Produkte auf Bestellung gefertigt wird, kann es im Vergleich zu den Beispielfotos zu Abweichungen von etwa 20 % bei Farbe, Muster, Verarbeitung und Nähten kommen. Wir garantieren jedoch, dass das Hauptdesign wie abgebildet erhalten bleibt.<br></p>",Emma Frankfurt,,,Tischwäsche,true,Größe,S (36 cm × 122 cm),,,,,,,,DHOD1-BZ523002,0.0,,0,continue,manual,44.95,139.95,true,true,,,,,,https://cdn.shopify.com/s/files/1/1059/9569/8513/files/Pumpkin-Spice-Season-Quilted-Table-Runner-NCU0TL1335.webp?v=1787062399,1,,false,,,,,,,,,,,,,,,,,,,,kg,,,active
gesteppter-tischlaeufer-kuerbiszeit,,,,,,,,,M (36 cm × 183 cm),,,,,,,,DHOD1-BZ523003,0.0,,0,continue,manual,49.95,154.95,true,true,,,,,,,,,,,,,,,,,,,,,,,,,,,,,kg,,,
gesteppter-tischlaeufer-kuerbiszeit,,,,,,,,,L (36 cm × 275 cm),,,,,,,,,0.0,,0,continue,manual,54.95,169.95,true,true,,,,,,,,,,,,,,,,,,,,,,,,,,,,,kg,,,
gesteppter-tischlaeufer-goettliche-gnade,Gesteppter Tischläufer - Göttliche Gnade,"<p>Entdecke den Charme unseres gesteppten Tischläufers – gestaltet, um deinem Essbereich einen Hauch von Eleganz und Behaglichkeit zu verleihen!<br></p>
<p><strong>PRODUKTDETAILS:</strong></p>
<ul>
<li>
<strong>Hochwertiges Material:</strong> Unsere Tischläufer werden aus einer hochwertigen Baumwoll-Polyester-Mischung von Jetiy gefertigt und verbinden die Weichheit und Atmungsaktivität der Baumwolle mit der Langlebigkeit und Pflegeleichtigkeit des Polyesters.<br>
</li>
<li>
<strong>Verschiedene Größen:</strong> Damit für jeden Anlass das Passende dabei ist, gibt es unseren Tischläufer in drei praktischen Größen:<br>
</li>
</ul>
<p><strong>S: 36 cm × 122 cm </strong>- Perfekt für kleine Runden.<br><strong>M: 36 cm × 183 cm</strong> - Ideal für Tische in Standardgröße.<br><strong>L: 36 cm × 275 cm </strong>- Passend für festliche Bankette und lange Tafeln.<br></p>
<ul>
<li>
<strong>Vielfältige Designs: </strong>Entdecke unsere große Auswahl an bezaubernden Designs – jedes einzelne gestaltet, um die Atmosphäre bei Tisch mit seinem ganz eigenen Charme zu bereichern.<br>
</li>
<li>
<strong>Pflegeleicht: </strong>Das Leben ist schon kompliziert genug! Deshalb ist unser Tischläufer maschinenwaschbar und trocknergeeignet – das vereinfacht deine Reinigungsroutine.<br>
</li>
</ul>
<p>Alle Produkte werden auf Bestellung gefertigt und nach den besten verfügbaren Standards bedruckt. Werte deine Tischdekoration mit unserem bezaubernden gesteppten Tischläufer auf – dort, wo Stil auf Praktikabilität trifft!<br></p>
<p><strong>Hinweis: </strong>Da jedes unserer Produkte auf Bestellung gefertigt wird, kann es im Vergleich zu den Beispielfotos zu Abweichungen von etwa 20 % bei Farbe, Muster, Verarbeitung und Nähten kommen. Wir garantieren jedoch, dass das Hauptdesign wie abgebildet erhalten bleibt.<br></p>",Emma Frankfurt,,,Tischwäsche,true,Größe,S (36 cm × 122 cm),,,,,,,,DHOD1-BZ523002,0.0,,0,continue,manual,44.95,139.95,true,true,,,,,,https://cdn.shopify.com/s/files/1/1059/9569/8513/files/25_9d6f9f4c-56bf-447d-b544-c4f9b911e86c.webp?v=1787062399,1,,false,,,,,,,,,,,,,,,,,,,,kg,,,active
gesteppter-tischlaeufer-goettliche-gnade,,,,,,,,,M (36 cm × 183 cm),,,,,,,,DHOD1-BZ523003,0.0,,0,continue,manual,49.95,154.95,true,true,,,,,,https://cdn.shopify.com/s/files/1/1059/9569/8513/files/DivineMangerQuiltedTableRunnerNCU0NT1426_1.webp?v=1787062398,2,,,,,,,,,,,,,,,,,,,,,,kg,,,
gesteppter-tischlaeufer-goettliche-gnade,,,,,,,,,L (36 cm × 275 cm),,,,,,,,,0.0,,0,continue,manual,54.95,169.95,true,true,,,,,,https://cdn.shopify.com/s/files/1/1059/9569/8513/files/DivineMangerQuiltedTableRunnerNCU0NT1426_2.webp?v=1787062398,3,,,,,,,,,,,,,,,,,,,,,,kg,,,
gesteppter-tischlaeufer-goettliche-gnade,,,,,,,,,,,,,,,,,,,,,,,,,,,,,,,,https://cdn.shopify.com/s/files/1/1059/9569/8513/files/DivineMangerQuiltedTableRunnerNCU0NT1426_3.webp?v=1787062398,4,,,,,,,,,,,,,,,,,,,,,,,,,
gesteppter-tischlaeufer-schwarzbaerenfamilie,Gesteppter Tischläufer - Schwarzbärenfamilie,"<p>Entdecke den Charme unseres gesteppten Tischläufers – gestaltet, um deinem Essbereich einen Hauch von Eleganz und Behaglichkeit zu verleihen!<br></p>
<p><strong>PRODUKTDETAILS:</strong></p>
<ul>
<li>
<strong>Hochwertiges Material:</strong> Unsere Tischläufer werden aus einer hochwertigen Baumwoll-Polyester-Mischung von Jetiy gefertigt und verbinden die Weichheit und Atmungsaktivität der Baumwolle mit der Langlebigkeit und Pflegeleichtigkeit des Polyesters.<br>
</li>
<li>
<strong>Verschiedene Größen:</strong> Damit für jeden Anlass das Passende dabei ist, gibt es unseren Tischläufer in drei praktischen Größen:<br>
</li>
</ul>
<p><strong>S: 36 cm × 122 cm </strong>- Perfekt für kleine Runden.<br><strong>M: 36 cm × 183 cm</strong> - Ideal für Tische in Standardgröße.<br><strong>L: 36 cm × 275 cm </strong>- Passend für festliche Bankette und lange Tafeln.<br></p>
<ul>
<li>
<strong>Vielfältige Designs: </strong>Entdecke unsere große Auswahl an bezaubernden Designs – jedes einzelne gestaltet, um die Atmosphäre bei Tisch mit seinem ganz eigenen Charme zu bereichern.<br>
</li>
<li>
<strong>Pflegeleicht: </strong>Das Leben ist schon kompliziert genug! Deshalb ist unser Tischläufer maschinenwaschbar und trocknergeeignet – das vereinfacht deine Reinigungsroutine.<br>
</li>
</ul>
<p>Alle Produkte werden auf Bestellung gefertigt und nach den besten verfügbaren Standards bedruckt. Werte deine Tischdekoration mit unserem bezaubernden gesteppten Tischläufer auf – dort, wo Stil auf Praktikabilität trifft!<br></p>
<p><strong>Hinweis: </strong>Da jedes unserer Produkte auf Bestellung gefertigt wird, kann es im Vergleich zu den Beispielfotos zu Abweichungen von etwa 20 % bei Farbe, Muster, Verarbeitung und Nähten kommen. Wir garantieren jedoch, dass das Hauptdesign wie abgebildet erhalten bleibt.<br></p>",Emma Frankfurt,,,Tischwäsche,true,Größe,S (36 cm × 122 cm),,,,,,,,DHOD1-BZ523002,0.0,,0,continue,manual,44.95,139.95,true,true,,,,,,https://cdn.shopify.com/s/files/1/1059/9569/8513/files/BlackBearFamilyQuiltedTableRunnerNCU0DV4206.webp?v=1787062398,1,,false,,,,,,,,,,,,,,,,,,,,kg,,,active
gesteppter-tischlaeufer-schwarzbaerenfamilie,,,,,,,,,M (36 cm × 183 cm),,,,,,,,DHOD1-BZ523003,0.0,,0,continue,manual,49.95,154.95,true,true,,,,,,,,,,,,,,,,,,,,,,,,,,,,,kg,,,
gesteppter-tischlaeufer-schwarzbaerenfamilie,,,,,,,,,L (36 cm × 275 cm),,,,,,,,,0.0,,0,continue,manual,54.95,169.95,true,true,,,,,,,,,,,,,,,,,,,,,,,,,,,,,kg,,,
gesteppter-tischlaeufer-herbstfuelle,Gesteppter Tischläufer - Herbstfülle,"<p>Entdecke den Charme unseres gesteppten Tischläufers – gestaltet, um deinem Essbereich einen Hauch von Eleganz und Behaglichkeit zu verleihen!<br></p>
<p><strong>PRODUKTDETAILS:</strong></p>
<ul>
<li>
<strong>Hochwertiges Material:</strong> Unsere Tischläufer werden aus einer hochwertigen Baumwoll-Polyester-Mischung von Jetiy gefertigt und verbinden die Weichheit und Atmungsaktivität der Baumwolle mit der Langlebigkeit und Pflegeleichtigkeit des Polyesters.<br>
</li>
<li>
<strong>Verschiedene Größen:</strong> Damit für jeden Anlass das Passende dabei ist, gibt es unseren Tischläufer in drei praktischen Größen:<br>
</li>
</ul>
<p><strong>S: 36 cm × 122 cm </strong>- Perfekt für kleine Runden.<br><strong>M: 36 cm × 183 cm</strong> - Ideal für Tische in Standardgröße.<br><strong>L: 36 cm × 275 cm </strong>- Passend für festliche Bankette und lange Tafeln.<br></p>
<ul>
<li>
<strong>Vielfältige Designs: </strong>Entdecke unsere große Auswahl an bezaubernden Designs – jedes einzelne gestaltet, um die Atmosphäre bei Tisch mit seinem ganz eigenen Charme zu bereichern.<br>
</li>
<li>
<strong>Pflegeleicht: </strong>Das Leben ist schon kompliziert genug! Deshalb ist unser Tischläufer maschinenwaschbar und trocknergeeignet – das vereinfacht deine Reinigungsroutine.<br>
</li>
</ul>
<p>Alle Produkte werden auf Bestellung gefertigt und nach den besten verfügbaren Standards bedruckt. Werte deine Tischdekoration mit unserem bezaubernden gesteppten Tischläufer auf – dort, wo Stil auf Praktikabilität trifft!<br></p>
<p><strong>Hinweis: </strong>Da jedes unserer Produkte auf Bestellung gefertigt wird, kann es im Vergleich zu den Beispielfotos zu Abweichungen von etwa 20 % bei Farbe, Muster, Verarbeitung und Nähten kommen. Wir garantieren jedoch, dass das Hauptdesign wie abgebildet erhalten bleibt.<br></p>",Emma Frankfurt,,,Tischwäsche,true,Größe,S (36 cm × 122 cm),,,,,,,,DHOD1-BZ523002,0.0,,0,continue,manual,44.95,139.95,true,true,,,,,,https://cdn.shopify.com/s/files/1/1059/9569/8513/files/Sacred_Gathering_Quilted_Table_Runner_NCU0NT9017_fb0492db-9c09-49ae-a208-bb6ebc3dfc4b.jpg?v=1787062398,1,,false,,,,,,,,,,,,,,,,,,,,kg,,,active
gesteppter-tischlaeufer-herbstfuelle,,,,,,,,,M (36 cm × 183 cm),,,,,,,,DHOD1-BZ523003,0.0,,0,continue,manual,49.95,154.95,true,true,,,,,,,,,,,,,,,,,,,,,,,,,,,,,kg,,,
gesteppter-tischlaeufer-herbstfuelle,,,,,,,,,L (36 cm × 275 cm),,,,,,,,,0.0,,0,continue,manual,54.95,169.95,true,true,,,,,,,,,,,,,,,,,,,,,,,,,,,,,kg,,,
gesteppter-tischlaeufer-warme-herzen,Gesteppter Tischläufer - Warme Herzen,"<p>Entdecke den Charme unseres gesteppten Tischläufers – gestaltet, um deinem Essbereich einen Hauch von Eleganz und Behaglichkeit zu verleihen!<br></p>
<p><strong>PRODUKTDETAILS:</strong></p>
<ul>
<li>
<strong>Hochwertiges Material:</strong> Unsere Tischläufer werden aus einer hochwertigen Baumwoll-Polyester-Mischung von Jetiy gefertigt und verbinden die Weichheit und Atmungsaktivität der Baumwolle mit der Langlebigkeit und Pflegeleichtigkeit des Polyesters.<br>
</li>
<li>
<strong>Verschiedene Größen:</strong> Damit für jeden Anlass das Passende dabei ist, gibt es unseren Tischläufer in drei praktischen Größen:<br>
</li>
</ul>
<p><strong>S: 36 cm × 122 cm </strong>- Perfekt für kleine Runden.<br><strong>M: 36 cm × 183 cm</strong> - Ideal für Tische in Standardgröße.<br><strong>L: 36 cm × 275 cm </strong>- Passend für festliche Bankette und lange Tafeln.<br></p>
<ul>
<li>
<strong>Vielfältige Designs: </strong>Entdecke unsere große Auswahl an bezaubernden Designs – jedes einzelne gestaltet, um die Atmosphäre bei Tisch mit seinem ganz eigenen Charme zu bereichern.<br>
</li>
<li>
<strong>Pflegeleicht: </strong>Das Leben ist schon kompliziert genug! Deshalb ist unser Tischläufer maschinenwaschbar und trocknergeeignet – das vereinfacht deine Reinigungsroutine.<br>
</li>
</ul>
<p>Alle Produkte werden auf Bestellung gefertigt und nach den besten verfügbaren Standards bedruckt. Werte deine Tischdekoration mit unserem bezaubernden gesteppten Tischläufer auf – dort, wo Stil auf Praktikabilität trifft!<br></p>
<p><strong>Hinweis: </strong>Da jedes unserer Produkte auf Bestellung gefertigt wird, kann es im Vergleich zu den Beispielfotos zu Abweichungen von etwa 20 % bei Farbe, Muster, Verarbeitung und Nähten kommen. Wir garantieren jedoch, dass das Hauptdesign wie abgebildet erhalten bleibt.<br></p>",Emma Frankfurt,,,Tischwäsche,true,Größe,S (36 cm × 122 cm),,,,,,,,DHOD1-BZ523002,0.0,,0,continue,manual,44.95,139.95,true,true,,,,,,https://cdn.shopify.com/s/files/1/1059/9569/8513/files/Tender_Space_Quilted_Table_Runner_NCU0DK11737_535752c5-693a-4289-ba0f-9c43ca79d70c.webp?v=1787062399,1,,false,,,,,,,,,,,,,,,,,,,,kg,,,active
gesteppter-tischlaeufer-warme-herzen,,,,,,,,,M (36 cm × 183 cm),,,,,,,,DHOD1-BZ523003,0.0,,0,continue,manual,49.95,154.95,true,true,,,,,,,,,,,,,,,,,,,,,,,,,,,,,kg,,,
gesteppter-tischlaeufer-warme-herzen,,,,,,,,,L (36 cm × 275 cm),,,,,,,,,0.0,,0,continue,manual,54.95,169.95,true,true,,,,,,,,,,,,,,,,,,,,,,,,,,,,,kg,,,
gesteppter-tischlaeufer-verschneite-kiefernlandschaft,Gesteppter Tischläufer - Verschneite Kiefernlandschaft,"<p>Entdecke den Charme unseres gesteppten Tischläufers – gestaltet, um deinem Essbereich einen Hauch von Eleganz und Behaglichkeit zu verleihen!<br></p>
<p><strong>PRODUKTDETAILS:</strong></p>
<ul>
<li>
<strong>Hochwertiges Material:</strong> Unsere Tischläufer werden aus einer hochwertigen Baumwoll-Polyester-Mischung von Jetiy gefertigt und verbinden die Weichheit und Atmungsaktivität der Baumwolle mit der Langlebigkeit und Pflegeleichtigkeit des Polyesters.<br>
</li>
<li>
<strong>Verschiedene Größen:</strong> Damit für jeden Anlass das Passende dabei ist, gibt es unseren Tischläufer in drei praktischen Größen:<br>
</li>
</ul>
<p><strong>S: 36 cm × 122 cm </strong>- Perfekt für kleine Runden.<br><strong>M: 36 cm × 183 cm</strong> - Ideal für Tische in Standardgröße.<br><strong>L: 36 cm × 275 cm </strong>- Passend für festliche Bankette und lange Tafeln.<br></p>
<ul>
<li>
<strong>Vielfältige Designs: </strong>Entdecke unsere große Auswahl an bezaubernden Designs – jedes einzelne gestaltet, um die Atmosphäre bei Tisch mit seinem ganz eigenen Charme zu bereichern.<br>
</li>
<li>
<strong>Pflegeleicht: </strong>Das Leben ist schon kompliziert genug! Deshalb ist unser Tischläufer maschinenwaschbar und trocknergeeignet – das vereinfacht deine Reinigungsroutine.<br>
</li>
</ul>
<p>Alle Produkte werden auf Bestellung gefertigt und nach den besten verfügbaren Standards bedruckt. Werte deine Tischdekoration mit unserem bezaubernden gesteppten Tischläufer auf – dort, wo Stil auf Praktikabilität trifft!<br></p>
<p><strong>Hinweis: </strong>Da jedes unserer Produkte auf Bestellung gefertigt wird, kann es im Vergleich zu den Beispielfotos zu Abweichungen von etwa 20 % bei Farbe, Muster, Verarbeitung und Nähten kommen. Wir garantieren jedoch, dass das Hauptdesign wie abgebildet erhalten bleibt.<br></p>",Emma Frankfurt,,,Tischwäsche,true,Größe,S (36 cm × 122 cm),,,,,,,,DHOD1-BZ523002,0.0,,0,continue,manual,44.95,139.95,true,true,,,,,,https://cdn.shopify.com/s/files/1/1059/9569/8513/files/FrostedPinescapeQuiltedTableRunnerNCU0PT1385_a9ce1744-0925-4462-a14f-bf7f43267851.webp?v=1787062401,1,,false,,,,,,,,,,,,,,,,,,,,kg,,,active
gesteppter-tischlaeufer-verschneite-kiefernlandschaft,,,,,,,,,M (36 cm × 183 cm),,,,,,,,DHOD1-BZ523003,0.0,,0,continue,manual,49.95,154.95,true,true,,,,,,,,,,,,,,,,,,,,,,,,,,,,,kg,,,
gesteppter-tischlaeufer-verschneite-kiefernlandschaft,,,,,,,,,L (36 cm × 275 cm),,,,,,,,,0.0,,0,continue,manual,54.95,169.95,true,true,,,,,,,,,,,,,,,,,,,,,,,,,,,,,kg,,,
gesteppter-tischlaeufer-pferdekunst,Gesteppter Tischläufer - Pferdekunst,"<p>Entdecke den Charme unseres gesteppten Tischläufers – gestaltet, um deinem Essbereich einen Hauch von Eleganz und Behaglichkeit zu verleihen!<br></p>
<p><strong>PRODUKTDETAILS:</strong></p>
<ul>
<li>
<strong>Hochwertiges Material:</strong> Unsere Tischläufer werden aus einer hochwertigen Baumwoll-Polyester-Mischung von Jetiy gefertigt und verbinden die Weichheit und Atmungsaktivität der Baumwolle mit der Langlebigkeit und Pflegeleichtigkeit des Polyesters.<br>
</li>
<li>
<strong>Verschiedene Größen:</strong> Damit für jeden Anlass das Passende dabei ist, gibt es unseren Tischläufer in drei praktischen Größen:<br>
</li>
</ul>
<p><strong>S: 36 cm × 122 cm </strong>- Perfekt für kleine Runden.<br><strong>M: 36 cm × 183 cm</strong> - Ideal für Tische in Standardgröße.<br><strong>L: 36 cm × 275 cm </strong>- Passend für festliche Bankette und lange Tafeln.<br></p>
<ul>
<li>
<strong>Vielfältige Designs: </strong>Entdecke unsere große Auswahl an bezaubernden Designs – jedes einzelne gestaltet, um die Atmosphäre bei Tisch mit seinem ganz eigenen Charme zu bereichern.<br>
</li>
<li>
<strong>Pflegeleicht: </strong>Das Leben ist schon kompliziert genug! Deshalb ist unser Tischläufer maschinenwaschbar und trocknergeeignet – das vereinfacht deine Reinigungsroutine.<br>
</li>
</ul>
<p>Alle Produkte werden auf Bestellung gefertigt und nach den besten verfügbaren Standards bedruckt. Werte deine Tischdekoration mit unserem bezaubernden gesteppten Tischläufer auf – dort, wo Stil auf Praktikabilität trifft!<br></p>
<p><strong>Hinweis: </strong>Da jedes unserer Produkte auf Bestellung gefertigt wird, kann es im Vergleich zu den Beispielfotos zu Abweichungen von etwa 20 % bei Farbe, Muster, Verarbeitung und Nähten kommen. Wir garantieren jedoch, dass das Hauptdesign wie abgebildet erhalten bleibt.<br></p>",Emma Frankfurt,,,Tischwäsche,true,Größe,S (36 cm × 122 cm),,,,,,,,DHOD1-BZ523002,0.0,,0,continue,manual,44.95,139.95,true,true,,,,,,https://cdn.shopify.com/s/files/1/1059/9569/8513/files/Equine-Art-Mystical-Steeds-Quilted-Table-Runner-NCU0PD294.webp?v=1787062399,1,,false,,,,,,,,,,,,,,,,,,,,kg,,,active
gesteppter-tischlaeufer-pferdekunst,,,,,,,,,M (36 cm × 183 cm),,,,,,,,DHOD1-BZ523003,0.0,,0,continue,manual,49.95,154.95,true,true,,,,,,,,,,,,,,,,,,,,,,,,,,,,,kg,,,
gesteppter-tischlaeufer-pferdekunst,,,,,,,,,L (36 cm × 275 cm),,,,,,,,,0.0,,0,continue,manual,54.95,169.95,true,true,,,,,,,,,,,,,,,,,,,,,,,,,,,,,kg,,,
gesteppter-tischlaeufer-stern-von-bethlehem,Gesteppter Tischläufer - Stern von Bethlehem,"<p>Entdecke den Charme unseres gesteppten Tischläufers – gestaltet, um deinem Essbereich einen Hauch von Eleganz und Behaglichkeit zu verleihen!<br></p>
<p><strong>PRODUKTDETAILS:</strong></p>
<ul>
<li>
<strong>Hochwertiges Material:</strong> Unsere Tischläufer werden aus einer hochwertigen Baumwoll-Polyester-Mischung von Jetiy gefertigt und verbinden die Weichheit und Atmungsaktivität der Baumwolle mit der Langlebigkeit und Pflegeleichtigkeit des Polyesters.<br>
</li>
<li>
<strong>Verschiedene Größen:</strong> Damit für jeden Anlass das Passende dabei ist, gibt es unseren Tischläufer in drei praktischen Größen:<br>
</li>
</ul>
<p><strong>S: 36 cm × 122 cm </strong>- Perfekt für kleine Runden.<br><strong>M: 36 cm × 183 cm</strong> - Ideal für Tische in Standardgröße.<br><strong>L: 36 cm × 275 cm </strong>- Passend für festliche Bankette und lange Tafeln.<br></p>
<ul>
<li>
<strong>Vielfältige Designs: </strong>Entdecke unsere große Auswahl an bezaubernden Designs – jedes einzelne gestaltet, um die Atmosphäre bei Tisch mit seinem ganz eigenen Charme zu bereichern.<br>
</li>
<li>
<strong>Pflegeleicht: </strong>Das Leben ist schon kompliziert genug! Deshalb ist unser Tischläufer maschinenwaschbar und trocknergeeignet – das vereinfacht deine Reinigungsroutine.<br>
</li>
</ul>
<p>Alle Produkte werden auf Bestellung gefertigt und nach den besten verfügbaren Standards bedruckt. Werte deine Tischdekoration mit unserem bezaubernden gesteppten Tischläufer auf – dort, wo Stil auf Praktikabilität trifft!<br></p>
<p><strong>Hinweis: </strong>Da jedes unserer Produkte auf Bestellung gefertigt wird, kann es im Vergleich zu den Beispielfotos zu Abweichungen von etwa 20 % bei Farbe, Muster, Verarbeitung und Nähten kommen. Wir garantieren jedoch, dass das Hauptdesign wie abgebildet erhalten bleibt.<br></p>",Emma Frankfurt,,,Tischwäsche,true,Größe,S (36 cm × 122 cm),,,,,,,,DHOD1-BZ523002,0.0,,0,continue,manual,44.95,139.95,true,true,,,,,,https://cdn.shopify.com/s/files/1/1059/9569/8513/files/Bethlehem_Star_Quilted_Table_Runner_NCU0DK1334_36a4d5a8-313c-4988-85fb-c6c42819e900.webp?v=1787062400,1,,false,,,,,,,,,,,,,,,,,,,,kg,,,active
gesteppter-tischlaeufer-stern-von-bethlehem,,,,,,,,,M (36 cm × 183 cm),,,,,,,,DHOD1-BZ523003,0.0,,0,continue,manual,49.95,154.95,true,true,,,,,,,,,,,,,,,,,,,,,,,,,,,,,kg,,,
gesteppter-tischlaeufer-stern-von-bethlehem,,,,,,,,,L (36 cm × 275 cm),,,,,,,,,0.0,,0,continue,manual,54.95,169.95,true,true,,,,,,,,,,,,,,,,,,,,,,,,,,,,,kg,,,
gesteppter-tischlaeufer-festliche-gloeckchen,Gesteppter Tischläufer - Festliche Glöckchen,"<p>Entdecke den Charme unseres gesteppten Tischläufers – gestaltet, um deinem Essbereich einen Hauch von Eleganz und Behaglichkeit zu verleihen!<br></p>
<p><strong>PRODUKTDETAILS:</strong></p>
<ul>
<li>
<strong>Hochwertiges Material:</strong> Unsere Tischläufer werden aus einer hochwertigen Baumwoll-Polyester-Mischung von Jetiy gefertigt und verbinden die Weichheit und Atmungsaktivität der Baumwolle mit der Langlebigkeit und Pflegeleichtigkeit des Polyesters.<br>
</li>
<li>
<strong>Verschiedene Größen:</strong> Damit für jeden Anlass das Passende dabei ist, gibt es unseren Tischläufer in drei praktischen Größen:<br>
</li>
</ul>
<p><strong>S: 36 cm × 122 cm </strong>- Perfekt für kleine Runden.<br><strong>M: 36 cm × 183 cm</strong> - Ideal für Tische in Standardgröße.<br><strong>L: 36 cm × 275 cm </strong>- Passend für festliche Bankette und lange Tafeln.<br></p>
<ul>
<li>
<strong>Vielfältige Designs: </strong>Entdecke unsere große Auswahl an bezaubernden Designs – jedes einzelne gestaltet, um die Atmosphäre bei Tisch mit seinem ganz eigenen Charme zu bereichern.<br>
</li>
<li>
<strong>Pflegeleicht: </strong>Das Leben ist schon kompliziert genug! Deshalb ist unser Tischläufer maschinenwaschbar und trocknergeeignet – das vereinfacht deine Reinigungsroutine.<br>
</li>
</ul>
<p>Alle Produkte werden auf Bestellung gefertigt und nach den besten verfügbaren Standards bedruckt. Werte deine Tischdekoration mit unserem bezaubernden gesteppten Tischläufer auf – dort, wo Stil auf Praktikabilität trifft!<br></p>
<p><strong>Hinweis: </strong>Da jedes unserer Produkte auf Bestellung gefertigt wird, kann es im Vergleich zu den Beispielfotos zu Abweichungen von etwa 20 % bei Farbe, Muster, Verarbeitung und Nähten kommen. Wir garantieren jedoch, dass das Hauptdesign wie abgebildet erhalten bleibt.<br></p>",Emma Frankfurt,,,Tischwäsche,true,Größe,S (36 cm × 122 cm),,,,,,,,DHOD1-BZ523002,0.0,,0,continue,manual,44.95,139.95,true,true,,,,,,https://cdn.shopify.com/s/files/1/1059/9569/8513/files/JingleJoyQuiltedTableRunnerNCU0PT1490_2babc253-bfc2-4fa8-a9e7-fc0cf22c98f1.webp?v=1787062399,1,,false,,,,,,,,,,,,,,,,,,,,kg,,,active
gesteppter-tischlaeufer-festliche-gloeckchen,,,,,,,,,M (36 cm × 183 cm),,,,,,,,DHOD1-BZ523003,0.0,,0,continue,manual,49.95,154.95,true,true,,,,,,,,,,,,,,,,,,,,,,,,,,,,,kg,,,
gesteppter-tischlaeufer-festliche-gloeckchen,,,,,,,,,L (36 cm × 275 cm),,,,,,,,,0.0,,0,continue,manual,54.95,169.95,true,true,,,,,,,,,,,,,,,,,,,,,,,,,,,,,kg,,,
gesteppter-tischlaeufer-bluetenblattpfad,Gesteppter Tischläufer - Blütenblattpfad,"<p>Entdecke den Charme unseres gesteppten Tischläufers – gestaltet, um deinem Essbereich einen Hauch von Eleganz und Behaglichkeit zu verleihen!<br></p>
<p><strong>PRODUKTDETAILS:</strong></p>
<ul>
<li>
<strong>Hochwertiges Material:</strong> Unsere Tischläufer werden aus einer hochwertigen Baumwoll-Polyester-Mischung von Jetiy gefertigt und verbinden die Weichheit und Atmungsaktivität der Baumwolle mit der Langlebigkeit und Pflegeleichtigkeit des Polyesters.<br>
</li>
<li>
<strong>Verschiedene Größen:</strong> Damit für jeden Anlass das Passende dabei ist, gibt es unseren Tischläufer in drei praktischen Größen:<br>
</li>
</ul>
<p><strong>S: 36 cm × 122 cm </strong>- Perfekt für kleine Runden.<br><strong>M: 36 cm × 183 cm</strong> - Ideal für Tische in Standardgröße.<br><strong>L: 36 cm × 275 cm </strong>- Passend für festliche Bankette und lange Tafeln.<br></p>
<ul>
<li>
<strong>Vielfältige Designs: </strong>Entdecke unsere große Auswahl an bezaubernden Designs – jedes einzelne gestaltet, um die Atmosphäre bei Tisch mit seinem ganz eigenen Charme zu bereichern.<br>
</li>
<li>
<strong>Pflegeleicht: </strong>Das Leben ist schon kompliziert genug! Deshalb ist unser Tischläufer maschinenwaschbar und trocknergeeignet – das vereinfacht deine Reinigungsroutine.<br>
</li>
</ul>
<p>Alle Produkte werden auf Bestellung gefertigt und nach den besten verfügbaren Standards bedruckt. Werte deine Tischdekoration mit unserem bezaubernden gesteppten Tischläufer auf – dort, wo Stil auf Praktikabilität trifft!<br></p>
<p><strong>Hinweis: </strong>Da jedes unserer Produkte auf Bestellung gefertigt wird, kann es im Vergleich zu den Beispielfotos zu Abweichungen von etwa 20 % bei Farbe, Muster, Verarbeitung und Nähten kommen. Wir garantieren jedoch, dass das Hauptdesign wie abgebildet erhalten bleibt.<br></p>",Emma Frankfurt,,,Tischwäsche,true,Größe,S (36 cm × 122 cm),,,,,,,,DHOD1-BZ523002,0.0,,0,continue,manual,44.95,139.95,true,true,,,,,,https://cdn.shopify.com/s/files/1/1059/9569/8513/files/Petal_Path_Quilted_Table_Runner_NCU0VH3685_5abc0109-06bb-4418-b71c-a74288987695.webp?v=1787062400,1,,false,,,,,,,,,,,,,,,,,,,,kg,,,active
gesteppter-tischlaeufer-bluetenblattpfad,,,,,,,,,M (36 cm × 183 cm),,,,,,,,DHOD1-BZ523003,0.0,,0,continue,manual,49.95,154.95,true,true,,,,,,,,,,,,,,,,,,,,,,,,,,,,,kg,,,
gesteppter-tischlaeufer-bluetenblattpfad,,,,,,,,,L (36 cm × 275 cm),,,,,,,,,0.0,,0,continue,manual,54.95,169.95,true,true,,,,,,,,,,,,,,,,,,,,,,,,,,,,,kg,,,
gesteppter-tischlaeufer-frostiger-pfad,Gesteppter Tischläufer - Frostiger Pfad,"<p>Entdecke den Charme unseres gesteppten Tischläufers – gestaltet, um deinem Essbereich einen Hauch von Eleganz und Behaglichkeit zu verleihen!<br></p>
<p><strong>PRODUKTDETAILS:</strong></p>
<ul>
<li>
<strong>Hochwertiges Material:</strong> Unsere Tischläufer werden aus einer hochwertigen Baumwoll-Polyester-Mischung von Jetiy gefertigt und verbinden die Weichheit und Atmungsaktivität der Baumwolle mit der Langlebigkeit und Pflegeleichtigkeit des Polyesters.<br>
</li>
<li>
<strong>Verschiedene Größen:</strong> Damit für jeden Anlass das Passende dabei ist, gibt es unseren Tischläufer in drei praktischen Größen:<br>
</li>
</ul>
<p><strong>S: 36 cm × 122 cm </strong>- Perfekt für kleine Runden.<br><strong>M: 36 cm × 183 cm</strong> - Ideal für Tische in Standardgröße.<br><strong>L: 36 cm × 275 cm </strong>- Passend für festliche Bankette und lange Tafeln.<br></p>
<ul>
<li>
<strong>Vielfältige Designs: </strong>Entdecke unsere große Auswahl an bezaubernden Designs – jedes einzelne gestaltet, um die Atmosphäre bei Tisch mit seinem ganz eigenen Charme zu bereichern.<br>
</li>
<li>
<strong>Pflegeleicht: </strong>Das Leben ist schon kompliziert genug! Deshalb ist unser Tischläufer maschinenwaschbar und trocknergeeignet – das vereinfacht deine Reinigungsroutine.<br>
</li>
</ul>
<p>Alle Produkte werden auf Bestellung gefertigt und nach den besten verfügbaren Standards bedruckt. Werte deine Tischdekoration mit unserem bezaubernden gesteppten Tischläufer auf – dort, wo Stil auf Praktikabilität trifft!<br></p>
<p><strong>Hinweis: </strong>Da jedes unserer Produkte auf Bestellung gefertigt wird, kann es im Vergleich zu den Beispielfotos zu Abweichungen von etwa 20 % bei Farbe, Muster, Verarbeitung und Nähten kommen. Wir garantieren jedoch, dass das Hauptdesign wie abgebildet erhalten bleibt.<br></p>",Emma Frankfurt,,,Tischwäsche,true,Größe,S (36 cm × 122 cm),,,,,,,,DHOD1-BZ523002,0.0,,0,continue,manual,44.95,139.95,true,true,,,,,,https://cdn.shopify.com/s/files/1/1059/9569/8513/files/Frost_Rail_Whispers_Quilted_Table_Runner_NCU0TH3434_919e8fdf-fd10-4df6-bf71-1af074ea7b5e.webp?v=1787062400,1,,false,,,,,,,,,,,,,,,,,,,,kg,,,active
gesteppter-tischlaeufer-frostiger-pfad,,,,,,,,,M (36 cm × 183 cm),,,,,,,,DHOD1-BZ523003,0.0,,0,continue,manual,49.95,154.95,true,true,,,,,,,,,,,,,,,,,,,,,,,,,,,,,kg,,,
gesteppter-tischlaeufer-frostiger-pfad,,,,,,,,,L (36 cm × 275 cm),,,,,,,,,0.0,,0,continue,manual,54.95,169.95,true,true,,,,,,,,,,,,,,,,,,,,,,,,,,,,,kg,,,
gesteppter-tischlaeufer-lupinenserenade,Gesteppter Tischläufer - Lupinenserenade,"<p>Entdecke den Charme unseres gesteppten Tischläufers – gestaltet, um deinem Essbereich einen Hauch von Eleganz und Behaglichkeit zu verleihen!<br></p>
<p><strong>PRODUKTDETAILS:</strong></p>
<ul>
<li>
<strong>Hochwertiges Material:</strong> Unsere Tischläufer werden aus einer hochwertigen Baumwoll-Polyester-Mischung von Jetiy gefertigt und verbinden die Weichheit und Atmungsaktivität der Baumwolle mit der Langlebigkeit und Pflegeleichtigkeit des Polyesters.<br>
</li>
<li>
<strong>Verschiedene Größen:</strong> Damit für jeden Anlass das Passende dabei ist, gibt es unseren Tischläufer in drei praktischen Größen:<br>
</li>
</ul>
<p><strong>S: 36 cm × 122 cm </strong>- Perfekt für kleine Runden.<br><strong>M: 36 cm × 183 cm</strong> - Ideal für Tische in Standardgröße.<br><strong>L: 36 cm × 275 cm </strong>- Passend für festliche Bankette und lange Tafeln.<br></p>
<ul>
<li>
<strong>Vielfältige Designs: </strong>Entdecke unsere große Auswahl an bezaubernden Designs – jedes einzelne gestaltet, um die Atmosphäre bei Tisch mit seinem ganz eigenen Charme zu bereichern.<br>
</li>
<li>
<strong>Pflegeleicht: </strong>Das Leben ist schon kompliziert genug! Deshalb ist unser Tischläufer maschinenwaschbar und trocknergeeignet – das vereinfacht deine Reinigungsroutine.<br>
</li>
</ul>
<p>Alle Produkte werden auf Bestellung gefertigt und nach den besten verfügbaren Standards bedruckt. Werte deine Tischdekoration mit unserem bezaubernden gesteppten Tischläufer auf – dort, wo Stil auf Praktikabilität trifft!<br></p>
<p><strong>Hinweis: </strong>Da jedes unserer Produkte auf Bestellung gefertigt wird, kann es im Vergleich zu den Beispielfotos zu Abweichungen von etwa 20 % bei Farbe, Muster, Verarbeitung und Nähten kommen. Wir garantieren jedoch, dass das Hauptdesign wie abgebildet erhalten bleibt.<br></p>",Emma Frankfurt,,,Tischwäsche,true,Größe,S (36 cm × 122 cm),,,,,,,,DHOD1-BZ523002,0.0,,0,continue,manual,44.95,139.95,true,true,,,,,,https://cdn.shopify.com/s/files/1/1059/9569/8513/files/BluebonnetSerenadeQuiltedTableRunnerNCU0DV4464_e42f5cc9-d5ea-452c-be35-67252f886d5c.webp?v=1787062401,1,,false,,,,,,,,,,,,,,,,,,,,kg,,,active
gesteppter-tischlaeufer-lupinenserenade,,,,,,,,,M (36 cm × 183 cm),,,,,,,,DHOD1-BZ523003,0.0,,0,continue,manual,49.95,154.95,true,true,,,,,,,,,,,,,,,,,,,,,,,,,,,,,kg,,,
gesteppter-tischlaeufer-lupinenserenade,,,,,,,,,L (36 cm × 275 cm),,,,,,,,,0.0,,0,continue,manual,54.95,169.95,true,true,,,,,,,,,,,,,,,,,,,,,,,,,,,,,kg,,,
gesteppter-tischlaeufer-truthahnrennen,Gesteppter Tischläufer - Truthahnrennen,"<p>Entdecke den Charme unseres gesteppten Tischläufers – gestaltet, um deinem Essbereich einen Hauch von Eleganz und Behaglichkeit zu verleihen!<br></p>
<p><strong>PRODUKTDETAILS:</strong></p>
<ul>
<li>
<strong>Hochwertiges Material:</strong> Unsere Tischläufer werden aus einer hochwertigen Baumwoll-Polyester-Mischung von Jetiy gefertigt und verbinden die Weichheit und Atmungsaktivität der Baumwolle mit der Langlebigkeit und Pflegeleichtigkeit des Polyesters.<br>
</li>
<li>
<strong>Verschiedene Größen:</strong> Damit für jeden Anlass das Passende dabei ist, gibt es unseren Tischläufer in drei praktischen Größen:<br>
</li>
</ul>
<p><strong>S: 36 cm × 122 cm </strong>- Perfekt für kleine Runden.<br><strong>M: 36 cm × 183 cm</strong> - Ideal für Tische in Standardgröße.<br><strong>L: 36 cm × 275 cm </strong>- Passend für festliche Bankette und lange Tafeln.<br></p>
<ul>
<li>
<strong>Vielfältige Designs: </strong>Entdecke unsere große Auswahl an bezaubernden Designs – jedes einzelne gestaltet, um die Atmosphäre bei Tisch mit seinem ganz eigenen Charme zu bereichern.<br>
</li>
<li>
<strong>Pflegeleicht: </strong>Das Leben ist schon kompliziert genug! Deshalb ist unser Tischläufer maschinenwaschbar und trocknergeeignet – das vereinfacht deine Reinigungsroutine.<br>
</li>
</ul>
<p>Alle Produkte werden auf Bestellung gefertigt und nach den besten verfügbaren Standards bedruckt. Werte deine Tischdekoration mit unserem bezaubernden gesteppten Tischläufer auf – dort, wo Stil auf Praktikabilität trifft!<br></p>
<p><strong>Hinweis: </strong>Da jedes unserer Produkte auf Bestellung gefertigt wird, kann es im Vergleich zu den Beispielfotos zu Abweichungen von etwa 20 % bei Farbe, Muster, Verarbeitung und Nähten kommen. Wir garantieren jedoch, dass das Hauptdesign wie abgebildet erhalten bleibt.<br></p>",Emma Frankfurt,,,Tischwäsche,true,Größe,S (36 cm × 122 cm),,,,,,,,DHOD1-BZ523002,0.0,,0,continue,manual,44.95,139.95,true,true,,,,,,https://cdn.shopify.com/s/files/1/1059/9569/8513/files/TurkeyTrotQuiltedTableRunnerNCU0PT885_82e8922d-6dec-414d-b627-86ae76f97551.webp?v=1787062401,1,,false,,,,,,,,,,,,,,,,,,,,kg,,,active
gesteppter-tischlaeufer-truthahnrennen,,,,,,,,,M (36 cm × 183 cm),,,,,,,,DHOD1-BZ523003,0.0,,0,continue,manual,49.95,154.95,true,true,,,,,,,,,,,,,,,,,,,,,,,,,,,,,kg,,,
gesteppter-tischlaeufer-truthahnrennen,,,,,,,,,L (36 cm × 275 cm),,,,,,,,,0.0,,0,continue,manual,54.95,169.95,true,true,,,,,,,,,,,,,,,,,,,,,,,,,,,,,kg,,,
gesteppter-tischlaeufer-kardinalrot,Gesteppter Tischläufer - Kardinalrot,"<p>Entdecke den Charme unseres gesteppten Tischläufers – gestaltet, um deinem Essbereich einen Hauch von Eleganz und Behaglichkeit zu verleihen!<br></p>
<p><strong>PRODUKTDETAILS:</strong></p>
<ul>
<li>
<strong>Hochwertiges Material:</strong> Unsere Tischläufer werden aus einer hochwertigen Baumwoll-Polyester-Mischung von Jetiy gefertigt und verbinden die Weichheit und Atmungsaktivität der Baumwolle mit der Langlebigkeit und Pflegeleichtigkeit des Polyesters.<br>
</li>
<li>
<strong>Verschiedene Größen:</strong> Damit für jeden Anlass das Passende dabei ist, gibt es unseren Tischläufer in drei praktischen Größen:<br>
</li>
</ul>
<p><strong>S: 36 cm × 122 cm </strong>- Perfekt für kleine Runden.<br><strong>M: 36 cm × 183 cm</strong> - Ideal für Tische in Standardgröße.<br><strong>L: 36 cm × 275 cm </strong>- Passend für festliche Bankette und lange Tafeln.<br></p>
<ul>
<li>
<strong>Vielfältige Designs: </strong>Entdecke unsere große Auswahl an bezaubernden Designs – jedes einzelne gestaltet, um die Atmosphäre bei Tisch mit seinem ganz eigenen Charme zu bereichern.<br>
</li>
<li>
<strong>Pflegeleicht: </strong>Das Leben ist schon kompliziert genug! Deshalb ist unser Tischläufer maschinenwaschbar und trocknergeeignet – das vereinfacht deine Reinigungsroutine.<br>
</li>
</ul>
<p>Alle Produkte werden auf Bestellung gefertigt und nach den besten verfügbaren Standards bedruckt. Werte deine Tischdekoration mit unserem bezaubernden gesteppten Tischläufer auf – dort, wo Stil auf Praktikabilität trifft!<br></p>
<p><strong>Hinweis: </strong>Da jedes unserer Produkte auf Bestellung gefertigt wird, kann es im Vergleich zu den Beispielfotos zu Abweichungen von etwa 20 % bei Farbe, Muster, Verarbeitung und Nähten kommen. Wir garantieren jedoch, dass das Hauptdesign wie abgebildet erhalten bleibt.<br></p>",Emma Frankfurt,,,Tischwäsche,true,Größe,S (36 cm × 122 cm),,,,,,,,DHOD1-BZ523002,0.0,,0,continue,manual,44.95,139.95,true,true,,,,,,https://cdn.shopify.com/s/files/1/1059/9569/8513/files/Cardinal_Waves_Quilted_Table_Runner_NCU0DV1323_e15b508a-664a-46e8-8502-dd13c5770ebd.webp?v=1787062402,1,,false,,,,,,,,,,,,,,,,,,,,kg,,,active
gesteppter-tischlaeufer-kardinalrot,,,,,,,,,M (36 cm × 183 cm),,,,,,,,DHOD1-BZ523003,0.0,,0,continue,manual,49.95,154.95,true,true,,,,,,,,,,,,,,,,,,,,,,,,,,,,,kg,,,
gesteppter-tischlaeufer-kardinalrot,,,,,,,,,L (36 cm × 275 cm),,,,,,,,,0.0,,0,continue,manual,54.95,169.95,true,true,,,,,,,,,,,,,,,,,,,,,,,,,,,,,kg,,,
gesteppter-tischlaeufer-herbstsonnenblumen,Gesteppter Tischläufer - Herbstsonnenblumen,"<p>Entdecke den Charme unseres gesteppten Tischläufers – gestaltet, um deinem Essbereich einen Hauch von Eleganz und Behaglichkeit zu verleihen!<br></p>
<p><strong>PRODUKTDETAILS:</strong></p>
<ul>
<li>
<strong>Hochwertiges Material:</strong> Unsere Tischläufer werden aus einer hochwertigen Baumwoll-Polyester-Mischung von Jetiy gefertigt und verbinden die Weichheit und Atmungsaktivität der Baumwolle mit der Langlebigkeit und Pflegeleichtigkeit des Polyesters.<br>
</li>
<li>
<strong>Verschiedene Größen:</strong> Damit für jeden Anlass das Passende dabei ist, gibt es unseren Tischläufer in drei praktischen Größen:<br>
</li>
</ul>
<p><strong>S: 36 cm × 122 cm </strong>- Perfekt für kleine Runden.<br><strong>M: 36 cm × 183 cm</strong> - Ideal für Tische in Standardgröße.<br><strong>L: 36 cm × 275 cm </strong>- Passend für festliche Bankette und lange Tafeln.<br></p>
<ul>
<li>
<strong>Vielfältige Designs: </strong>Entdecke unsere große Auswahl an bezaubernden Designs – jedes einzelne gestaltet, um die Atmosphäre bei Tisch mit seinem ganz eigenen Charme zu bereichern.<br>
</li>
<li>
<strong>Pflegeleicht: </strong>Das Leben ist schon kompliziert genug! Deshalb ist unser Tischläufer maschinenwaschbar und trocknergeeignet – das vereinfacht deine Reinigungsroutine.<br>
</li>
</ul>
<p>Alle Produkte werden auf Bestellung gefertigt und nach den besten verfügbaren Standards bedruckt. Werte deine Tischdekoration mit unserem bezaubernden gesteppten Tischläufer auf – dort, wo Stil auf Praktikabilität trifft!<br></p>
<p><strong>Hinweis: </strong>Da jedes unserer Produkte auf Bestellung gefertigt wird, kann es im Vergleich zu den Beispielfotos zu Abweichungen von etwa 20 % bei Farbe, Muster, Verarbeitung und Nähten kommen. Wir garantieren jedoch, dass das Hauptdesign wie abgebildet erhalten bleibt.<br></p>",Emma Frankfurt,,,Tischwäsche,true,Größe,S (36 cm × 122 cm),,,,,,,,DHOD1-BZ523002,0.0,,0,continue,manual,44.95,139.95,true,true,,,,,,https://cdn.shopify.com/s/files/1/1059/9569/8513/files/Autumn_Sunflower_Quilted_Table_Runner_NCU0DV507.webp?v=1787062402,1,,false,,,,,,,,,,,,,,,,,,,,kg,,,active
gesteppter-tischlaeufer-herbstsonnenblumen,,,,,,,,,M (36 cm × 183 cm),,,,,,,,DHOD1-BZ523003,0.0,,0,continue,manual,49.95,154.95,true,true,,,,,,https://cdn.shopify.com/s/files/1/1059/9569/8513/files/AutumnSunflowerQuiltedBlanketNCU0DV507.webp?v=1787062401,2,,,,,,,,,,,,,,,,,,,,,,kg,,,
gesteppter-tischlaeufer-herbstsonnenblumen,,,,,,,,,L (36 cm × 275 cm),,,,,,,,,0.0,,0,continue,manual,54.95,169.95,true,true,,,,,,,,,,,,,,,,,,,,,,,,,,,,,kg,,,
gesteppter-tischlaeufer-gewuerzkuerbis,Gesteppter Tischläufer - Gewürzkürbis,"<p>Entdecke den Charme unseres gesteppten Tischläufers – gestaltet, um deinem Essbereich einen Hauch von Eleganz und Behaglichkeit zu verleihen!<br></p>
<p><strong>PRODUKTDETAILS:</strong></p>
<ul>
<li>
<strong>Hochwertiges Material:</strong> Unsere Tischläufer werden aus einer hochwertigen Baumwoll-Polyester-Mischung von Jetiy gefertigt und verbinden die Weichheit und Atmungsaktivität der Baumwolle mit der Langlebigkeit und Pflegeleichtigkeit des Polyesters.<br>
</li>
<li>
<strong>Verschiedene Größen:</strong> Damit für jeden Anlass das Passende dabei ist, gibt es unseren Tischläufer in drei praktischen Größen:<br>
</li>
</ul>
<p><strong>S: 36 cm × 122 cm </strong>- Perfekt für kleine Runden.<br><strong>M: 36 cm × 183 cm</strong> - Ideal für Tische in Standardgröße.<br><strong>L: 36 cm × 275 cm </strong>- Passend für festliche Bankette und lange Tafeln.<br></p>
<ul>
<li>
<strong>Vielfältige Designs: </strong>Entdecke unsere große Auswahl an bezaubernden Designs – jedes einzelne gestaltet, um die Atmosphäre bei Tisch mit seinem ganz eigenen Charme zu bereichern.<br>
</li>
<li>
<strong>Pflegeleicht: </strong>Das Leben ist schon kompliziert genug! Deshalb ist unser Tischläufer maschinenwaschbar und trocknergeeignet – das vereinfacht deine Reinigungsroutine.<br>
</li>
</ul>
<p>Alle Produkte werden auf Bestellung gefertigt und nach den besten verfügbaren Standards bedruckt. Werte deine Tischdekoration mit unserem bezaubernden gesteppten Tischläufer auf – dort, wo Stil auf Praktikabilität trifft!<br></p>
<p><strong>Hinweis: </strong>Da jedes unserer Produkte auf Bestellung gefertigt wird, kann es im Vergleich zu den Beispielfotos zu Abweichungen von etwa 20 % bei Farbe, Muster, Verarbeitung und Nähten kommen. Wir garantieren jedoch, dass das Hauptdesign wie abgebildet erhalten bleibt.<br></p>",Emma Frankfurt,,,Tischwäsche,true,Größe,S (36 cm × 122 cm),,,,,,,,DHOD1-BZ523002,0.0,,0,continue,manual,44.95,139.95,true,true,,,,,,https://cdn.shopify.com/s/files/1/1059/9569/8513/files/Pumpkin-Spice-Quilted-Table-Runner-NCU0TH1780.webp?v=1787062402,1,,false,,,,,,,,,,,,,,,,,,,,kg,,,active
gesteppter-tischlaeufer-gewuerzkuerbis,,,,,,,,,M (36 cm × 183 cm),,,,,,,,DHOD1-BZ523003,0.0,,0,continue,manual,49.95,154.95,true,true,,,,,,,,,,,,,,,,,,,,,,,,,,,,,kg,,,
gesteppter-tischlaeufer-gewuerzkuerbis,,,,,,,,,L (36 cm × 275 cm),,,,,,,,,0.0,,0,continue,manual,54.95,169.95,true,true,,,,,,,,,,,,,,,,,,,,,,,,,,,,,kg,,,
gesteppter-tischlaeufer-smaragdwald,Gesteppter Tischläufer - Smaragdwald,"<p>Entdecke den Charme unseres gesteppten Tischläufers – gestaltet, um deinem Essbereich einen Hauch von Eleganz und Behaglichkeit zu verleihen!<br></p>
<p><strong>PRODUKTDETAILS:</strong></p>
<ul>
<li>
<strong>Hochwertiges Material:</strong> Unsere Tischläufer werden aus einer hochwertigen Baumwoll-Polyester-Mischung von Jetiy gefertigt und verbinden die Weichheit und Atmungsaktivität der Baumwolle mit der Langlebigkeit und Pflegeleichtigkeit des Polyesters.<br>
</li>
<li>
<strong>Verschiedene Größen:</strong> Damit für jeden Anlass das Passende dabei ist, gibt es unseren Tischläufer in drei praktischen Größen:<br>
</li>
</ul>
<p><strong>S: 36 cm × 122 cm </strong>- Perfekt für kleine Runden.<br><strong>M: 36 cm × 183 cm</strong> - Ideal für Tische in Standardgröße.<br><strong>L: 36 cm × 275 cm </strong>- Passend für festliche Bankette und lange Tafeln.<br></p>
<ul>
<li>
<strong>Vielfältige Designs: </strong>Entdecke unsere große Auswahl an bezaubernden Designs – jedes einzelne gestaltet, um die Atmosphäre bei Tisch mit seinem ganz eigenen Charme zu bereichern.<br>
</li>
<li>
<strong>Pflegeleicht: </strong>Das Leben ist schon kompliziert genug! Deshalb ist unser Tischläufer maschinenwaschbar und trocknergeeignet – das vereinfacht deine Reinigungsroutine.<br>
</li>
</ul>
<p>Alle Produkte werden auf Bestellung gefertigt und nach den besten verfügbaren Standards bedruckt. Werte deine Tischdekoration mit unserem bezaubernden gesteppten Tischläufer auf – dort, wo Stil auf Praktikabilität trifft!<br></p>
<p><strong>Hinweis: </strong>Da jedes unserer Produkte auf Bestellung gefertigt wird, kann es im Vergleich zu den Beispielfotos zu Abweichungen von etwa 20 % bei Farbe, Muster, Verarbeitung und Nähten kommen. Wir garantieren jedoch, dass das Hauptdesign wie abgebildet erhalten bleibt.<br></p>",Emma Frankfurt,,,Tischwäsche,true,Größe,S (36 cm × 122 cm),,,,,,,,DHOD1-BZ523002,0.0,,0,continue,manual,44.95,139.95,true,true,,,,,,https://cdn.shopify.com/s/files/1/1059/9569/8513/files/Emerald-Forest-Quilted-Table-Runner-NCU0PT3273.webp?v=1787062402,1,,false,,,,,,,,,,,,,,,,,,,,kg,,,active
gesteppter-tischlaeufer-smaragdwald,,,,,,,,,M (36 cm × 183 cm),,,,,,,,DHOD1-BZ523003,0.0,,0,continue,manual,49.95,154.95,true,true,,,,,,,,,,,,,,,,,,,,,,,,,,,,,kg,,,
gesteppter-tischlaeufer-smaragdwald,,,,,,,,,L (36 cm × 275 cm),,,,,,,,,0.0,,0,continue,manual,54.95,169.95,true,true,,,,,,,,,,,,,,,,,,,,,,,,,,,,,kg,,,
gesteppter-tischlaeufer-kuerbisparade,Gesteppter Tischläufer - Kürbisparade,"<p>Entdecke den Charme unseres gesteppten Tischläufers – gestaltet, um deinem Essbereich einen Hauch von Eleganz und Behaglichkeit zu verleihen!<br></p>
<p><strong>PRODUKTDETAILS:</strong></p>
<ul>
<li>
<strong>Hochwertiges Material:</strong> Unsere Tischläufer werden aus einer hochwertigen Baumwoll-Polyester-Mischung von Jetiy gefertigt und verbinden die Weichheit und Atmungsaktivität der Baumwolle mit der Langlebigkeit und Pflegeleichtigkeit des Polyesters.<br>
</li>
<li>
<strong>Verschiedene Größen:</strong> Damit für jeden Anlass das Passende dabei ist, gibt es unseren Tischläufer in drei praktischen Größen:<br>
</li>
</ul>
<p><strong>S: 36 cm × 122 cm </strong>- Perfekt für kleine Runden.<br><strong>M: 36 cm × 183 cm</strong> - Ideal für Tische in Standardgröße.<br><strong>L: 36 cm × 275 cm </strong>- Passend für festliche Bankette und lange Tafeln.<br></p>
<ul>
<li>
<strong>Vielfältige Designs: </strong>Entdecke unsere große Auswahl an bezaubernden Designs – jedes einzelne gestaltet, um die Atmosphäre bei Tisch mit seinem ganz eigenen Charme zu bereichern.<br>
</li>
<li>
<strong>Pflegeleicht: </strong>Das Leben ist schon kompliziert genug! Deshalb ist unser Tischläufer maschinenwaschbar und trocknergeeignet – das vereinfacht deine Reinigungsroutine.<br>
</li>
</ul>
<p>Alle Produkte werden auf Bestellung gefertigt und nach den besten verfügbaren Standards bedruckt. Werte deine Tischdekoration mit unserem bezaubernden gesteppten Tischläufer auf – dort, wo Stil auf Praktikabilität trifft!<br></p>
<p><strong>Hinweis: </strong>Da jedes unserer Produkte auf Bestellung gefertigt wird, kann es im Vergleich zu den Beispielfotos zu Abweichungen von etwa 20 % bei Farbe, Muster, Verarbeitung und Nähten kommen. Wir garantieren jedoch, dass das Hauptdesign wie abgebildet erhalten bleibt.<br></p>",Emma Frankfurt,,,Tischwäsche,true,Größe,S (36 cm × 122 cm),,,,,,,,DHOD1-BZ523002,0.0,,0,continue,manual,44.95,139.95,true,true,,,,,,https://cdn.shopify.com/s/files/1/1059/9569/8513/files/PumpkinParadeQuiltedTableRunnerNCU0DV7111.webp?v=1787062402,1,,false,,,,,,,,,,,,,,,,,,,,kg,,,active
gesteppter-tischlaeufer-kuerbisparade,,,,,,,,,M (36 cm × 183 cm),,,,,,,,DHOD1-BZ523003,0.0,,0,continue,manual,49.95,154.95,true,true,,,,,,,,,,,,,,,,,,,,,,,,,,,,,kg,,,
gesteppter-tischlaeufer-kuerbisparade,,,,,,,,,L (36 cm × 275 cm),,,,,,,,,0.0,,0,continue,manual,54.95,169.95,true,true,,,,,,,,,,,,,,,,,,,,,,,,,,,,,kg,,,
gesteppter-tischlaeufer-keltischer-baum,Gesteppter Tischläufer - Keltischer Baum,"<p>Entdecke den Charme unseres gesteppten Tischläufers – gestaltet, um deinem Essbereich einen Hauch von Eleganz und Behaglichkeit zu verleihen!<br></p>
<p><strong>PRODUKTDETAILS:</strong></p>
<ul>
<li>
<strong>Hochwertiges Material:</strong> Unsere Tischläufer werden aus einer hochwertigen Baumwoll-Polyester-Mischung von Jetiy gefertigt und verbinden die Weichheit und Atmungsaktivität der Baumwolle mit der Langlebigkeit und Pflegeleichtigkeit des Polyesters.<br>
</li>
<li>
<strong>Verschiedene Größen:</strong> Damit für jeden Anlass das Passende dabei ist, gibt es unseren Tischläufer in drei praktischen Größen:<br>
</li>
</ul>
<p><strong>S: 36 cm × 122 cm </strong>- Perfekt für kleine Runden.<br><strong>M: 36 cm × 183 cm</strong> - Ideal für Tische in Standardgröße.<br><strong>L: 36 cm × 275 cm </strong>- Passend für festliche Bankette und lange Tafeln.<br></p>
<ul>
<li>
<strong>Vielfältige Designs: </strong>Entdecke unsere große Auswahl an bezaubernden Designs – jedes einzelne gestaltet, um die Atmosphäre bei Tisch mit seinem ganz eigenen Charme zu bereichern.<br>
</li>
<li>
<strong>Pflegeleicht: </strong>Das Leben ist schon kompliziert genug! Deshalb ist unser Tischläufer maschinenwaschbar und trocknergeeignet – das vereinfacht deine Reinigungsroutine.<br>
</li>
</ul>
<p>Alle Produkte werden auf Bestellung gefertigt und nach den besten verfügbaren Standards bedruckt. Werte deine Tischdekoration mit unserem bezaubernden gesteppten Tischläufer auf – dort, wo Stil auf Praktikabilität trifft!<br></p>
<p><strong>Hinweis: </strong>Da jedes unserer Produkte auf Bestellung gefertigt wird, kann es im Vergleich zu den Beispielfotos zu Abweichungen von etwa 20 % bei Farbe, Muster, Verarbeitung und Nähten kommen. Wir garantieren jedoch, dass das Hauptdesign wie abgebildet erhalten bleibt.<br></p>",Emma Frankfurt,,,Tischwäsche,true,Größe,S (36 cm × 122 cm),,,,,,,,DHOD1-BZ523002,0.0,,0,continue,manual,44.95,139.95,true,true,,,,,,https://cdn.shopify.com/s/files/1/1059/9569/8513/files/CelticTreeQuiltedTableRunnerNCU0NT3010.webp?v=1787062403,1,,false,,,,,,,,,,,,,,,,,,,,kg,,,active
gesteppter-tischlaeufer-keltischer-baum,,,,,,,,,M (36 cm × 183 cm),,,,,,,,DHOD1-BZ523003,0.0,,0,continue,manual,49.95,154.95,true,true,,,,,,,,,,,,,,,,,,,,,,,,,,,,,kg,,,
gesteppter-tischlaeufer-keltischer-baum,,,,,,,,,L (36 cm × 275 cm),,,,,,,,,0.0,,0,continue,manual,54.95,169.95,true,true,,,,,,,,,,,,,,,,,,,,,,,,,,,,,kg,,,
gesteppter-tischlaeufer-herzen-in-bluete,Gesteppter Tischläufer - Herzen in Blüte,"<p>Entdecke den Charme unseres gesteppten Tischläufers – gestaltet, um deinem Essbereich einen Hauch von Eleganz und Behaglichkeit zu verleihen!<br></p>
<p><strong>PRODUKTDETAILS:</strong></p>
<ul>
<li>
<strong>Hochwertiges Material:</strong> Unsere Tischläufer werden aus einer hochwertigen Baumwoll-Polyester-Mischung von Jetiy gefertigt und verbinden die Weichheit und Atmungsaktivität der Baumwolle mit der Langlebigkeit und Pflegeleichtigkeit des Polyesters.<br>
</li>
<li>
<strong>Verschiedene Größen:</strong> Damit für jeden Anlass das Passende dabei ist, gibt es unseren Tischläufer in drei praktischen Größen:<br>
</li>
</ul>
<p><strong>S: 36 cm × 122 cm </strong>- Perfekt für kleine Runden.<br><strong>M: 36 cm × 183 cm</strong> - Ideal für Tische in Standardgröße.<br><strong>L: 36 cm × 275 cm </strong>- Passend für festliche Bankette und lange Tafeln.<br></p>
<ul>
<li>
<strong>Vielfältige Designs: </strong>Entdecke unsere große Auswahl an bezaubernden Designs – jedes einzelne gestaltet, um die Atmosphäre bei Tisch mit seinem ganz eigenen Charme zu bereichern.<br>
</li>
<li>
<strong>Pflegeleicht: </strong>Das Leben ist schon kompliziert genug! Deshalb ist unser Tischläufer maschinenwaschbar und trocknergeeignet – das vereinfacht deine Reinigungsroutine.<br>
</li>
</ul>
<p>Alle Produkte werden auf Bestellung gefertigt und nach den besten verfügbaren Standards bedruckt. Werte deine Tischdekoration mit unserem bezaubernden gesteppten Tischläufer auf – dort, wo Stil auf Praktikabilität trifft!<br></p>
<p><strong>Hinweis: </strong>Da jedes unserer Produkte auf Bestellung gefertigt wird, kann es im Vergleich zu den Beispielfotos zu Abweichungen von etwa 20 % bei Farbe, Muster, Verarbeitung und Nähten kommen. Wir garantieren jedoch, dass das Hauptdesign wie abgebildet erhalten bleibt.<br></p>",Emma Frankfurt,,,Tischwäsche,true,Größe,S (36 cm × 122 cm),,,,,,,,DHOD1-BZ523002,0.0,,0,continue,manual,44.95,139.95,true,true,,,,,,https://cdn.shopify.com/s/files/1/1059/9569/8513/files/BloomingHeartsQuiltedTableRunnerNCU0DV2731_c707c359-3237-4572-a684-48c9ff93a43d.webp?v=1787062404,1,,false,,,,,,,,,,,,,,,,,,,,kg,,,active
gesteppter-tischlaeufer-herzen-in-bluete,,,,,,,,,M (36 cm × 183 cm),,,,,,,,DHOD1-BZ523003,0.0,,0,continue,manual,49.95,154.95,true,true,,,,,,,,,,,,,,,,,,,,,,,,,,,,,kg,,,
gesteppter-tischlaeufer-herzen-in-bluete,,,,,,,,,L (36 cm × 275 cm),,,,,,,,,0.0,,0,continue,manual,54.95,169.95,true,true,,,,,,,,,,,,,,,,,,,,,,,,,,,,,kg,,,
gesteppter-tischlaeufer-herzenkaskade,Gesteppter Tischläufer - Herzenkaskade,"<p>Entdecke den Charme unseres gesteppten Tischläufers – gestaltet, um deinem Essbereich einen Hauch von Eleganz und Behaglichkeit zu verleihen!<br></p>
<p><strong>PRODUKTDETAILS:</strong></p>
<ul>
<li>
<strong>Hochwertiges Material:</strong> Unsere Tischläufer werden aus einer hochwertigen Baumwoll-Polyester-Mischung von Jetiy gefertigt und verbinden die Weichheit und Atmungsaktivität der Baumwolle mit der Langlebigkeit und Pflegeleichtigkeit des Polyesters.<br>
</li>
<li>
<strong>Verschiedene Größen:</strong> Damit für jeden Anlass das Passende dabei ist, gibt es unseren Tischläufer in drei praktischen Größen:<br>
</li>
</ul>
<p><strong>S: 36 cm × 122 cm </strong>- Perfekt für kleine Runden.<br><strong>M: 36 cm × 183 cm</strong> - Ideal für Tische in Standardgröße.<br><strong>L: 36 cm × 275 cm </strong>- Passend für festliche Bankette und lange Tafeln.<br></p>
<ul>
<li>
<strong>Vielfältige Designs: </strong>Entdecke unsere große Auswahl an bezaubernden Designs – jedes einzelne gestaltet, um die Atmosphäre bei Tisch mit seinem ganz eigenen Charme zu bereichern.<br>
</li>
<li>
<strong>Pflegeleicht: </strong>Das Leben ist schon kompliziert genug! Deshalb ist unser Tischläufer maschinenwaschbar und trocknergeeignet – das vereinfacht deine Reinigungsroutine.<br>
</li>
</ul>
<p>Alle Produkte werden auf Bestellung gefertigt und nach den besten verfügbaren Standards bedruckt. Werte deine Tischdekoration mit unserem bezaubernden gesteppten Tischläufer auf – dort, wo Stil auf Praktikabilität trifft!<br></p>
<p><strong>Hinweis: </strong>Da jedes unserer Produkte auf Bestellung gefertigt wird, kann es im Vergleich zu den Beispielfotos zu Abweichungen von etwa 20 % bei Farbe, Muster, Verarbeitung und Nähten kommen. Wir garantieren jedoch, dass das Hauptdesign wie abgebildet erhalten bleibt.<br></p>",Emma Frankfurt,,,Tischwäsche,true,Größe,S (36 cm × 122 cm),,,,,,,,DHOD1-BZ523002,0.0,,0,continue,manual,44.95,139.95,true,true,,,,,,https://cdn.shopify.com/s/files/1/1059/9569/8513/files/LovingLayersQuiltedTableRunnerNCU0DV2735.webp?v=1787062403,1,,false,,,,,,,,,,,,,,,,,,,,kg,,,active
gesteppter-tischlaeufer-herzenkaskade,,,,,,,,,M (36 cm × 183 cm),,,,,,,,DHOD1-BZ523003,0.0,,0,continue,manual,49.95,154.95,true,true,,,,,,,,,,,,,,,,,,,,,,,,,,,,,kg,,,
gesteppter-tischlaeufer-herzenkaskade,,,,,,,,,L (36 cm × 275 cm),,,,,,,,,0.0,,0,continue,manual,54.95,169.95,true,true,,,,,,,,,,,,,,,,,,,,,,,,,,,,,kg,,,
gesteppter-tischlaeufer-karnevalsmasken,Gesteppter Tischläufer - Karnevalsmasken,"<p>Entdecke den Charme unseres gesteppten Tischläufers – gestaltet, um deinem Essbereich einen Hauch von Eleganz und Behaglichkeit zu verleihen!<br></p>
<p><strong>PRODUKTDETAILS:</strong></p>
<ul>
<li>
<strong>Hochwertiges Material:</strong> Unsere Tischläufer werden aus einer hochwertigen Baumwoll-Polyester-Mischung von Jetiy gefertigt und verbinden die Weichheit und Atmungsaktivität der Baumwolle mit der Langlebigkeit und Pflegeleichtigkeit des Polyesters.<br>
</li>
<li>
<strong>Verschiedene Größen:</strong> Damit für jeden Anlass das Passende dabei ist, gibt es unseren Tischläufer in drei praktischen Größen:<br>
</li>
</ul>
<p><strong>S: 36 cm × 122 cm </strong>- Perfekt für kleine Runden.<br><strong>M: 36 cm × 183 cm</strong> - Ideal für Tische in Standardgröße.<br><strong>L: 36 cm × 275 cm </strong>- Passend für festliche Bankette und lange Tafeln.<br></p>
<ul>
<li>
<strong>Vielfältige Designs: </strong>Entdecke unsere große Auswahl an bezaubernden Designs – jedes einzelne gestaltet, um die Atmosphäre bei Tisch mit seinem ganz eigenen Charme zu bereichern.<br>
</li>
<li>
<strong>Pflegeleicht: </strong>Das Leben ist schon kompliziert genug! Deshalb ist unser Tischläufer maschinenwaschbar und trocknergeeignet – das vereinfacht deine Reinigungsroutine.<br>
</li>
</ul>
<p>Alle Produkte werden auf Bestellung gefertigt und nach den besten verfügbaren Standards bedruckt. Werte deine Tischdekoration mit unserem bezaubernden gesteppten Tischläufer auf – dort, wo Stil auf Praktikabilität trifft!<br></p>
<p><strong>Hinweis: </strong>Da jedes unserer Produkte auf Bestellung gefertigt wird, kann es im Vergleich zu den Beispielfotos zu Abweichungen von etwa 20 % bei Farbe, Muster, Verarbeitung und Nähten kommen. Wir garantieren jedoch, dass das Hauptdesign wie abgebildet erhalten bleibt.<br></p>",Emma Frankfurt,,,Tischwäsche,true,Größe,S (36 cm × 122 cm),,,,,,,,DHOD1-BZ523002,0.0,,0,continue,manual,44.95,139.95,true,true,,,,,,https://cdn.shopify.com/s/files/1/1059/9569/8513/files/Festival_Fleur_Quilted_Table_Runner_NCU0DK4011_eff8e270-f039-4de6-9225-7b131f17c335.webp?v=1787062403,1,,false,,,,,,,,,,,,,,,,,,,,kg,,,active
gesteppter-tischlaeufer-karnevalsmasken,,,,,,,,,M (36 cm × 183 cm),,,,,,,,DHOD1-BZ523003,0.0,,0,continue,manual,49.95,154.95,true,true,,,,,,,,,,,,,,,,,,,,,,,,,,,,,kg,,,
gesteppter-tischlaeufer-karnevalsmasken,,,,,,,,,L (36 cm × 275 cm),,,,,,,,,0.0,,0,continue,manual,54.95,169.95,true,true,,,,,,,,,,,,,,,,,,,,,,,,,,,,,kg,,,
gesteppter-tischlaeufer-elefantenmarsch,Gesteppter Tischläufer - Elefantenmarsch,"<p>Entdecke den Charme unseres gesteppten Tischläufers – gestaltet, um deinem Essbereich einen Hauch von Eleganz und Behaglichkeit zu verleihen!<br></p>
<p><strong>PRODUKTDETAILS:</strong></p>
<ul>
<li>
<strong>Hochwertiges Material:</strong> Unsere Tischläufer werden aus einer hochwertigen Baumwoll-Polyester-Mischung von Jetiy gefertigt und verbinden die Weichheit und Atmungsaktivität der Baumwolle mit der Langlebigkeit und Pflegeleichtigkeit des Polyesters.<br>
</li>
<li>
<strong>Verschiedene Größen:</strong> Damit für jeden Anlass das Passende dabei ist, gibt es unseren Tischläufer in drei praktischen Größen:<br>
</li>
</ul>
<p><strong>S: 36 cm × 122 cm </strong>- Perfekt für kleine Runden.<br><strong>M: 36 cm × 183 cm</strong> - Ideal für Tische in Standardgröße.<br><strong>L: 36 cm × 275 cm </strong>- Passend für festliche Bankette und lange Tafeln.<br></p>
<ul>
<li>
<strong>Vielfältige Designs: </strong>Entdecke unsere große Auswahl an bezaubernden Designs – jedes einzelne gestaltet, um die Atmosphäre bei Tisch mit seinem ganz eigenen Charme zu bereichern.<br>
</li>
<li>
<strong>Pflegeleicht: </strong>Das Leben ist schon kompliziert genug! Deshalb ist unser Tischläufer maschinenwaschbar und trocknergeeignet – das vereinfacht deine Reinigungsroutine.<br>
</li>
</ul>
<p>Alle Produkte werden auf Bestellung gefertigt und nach den besten verfügbaren Standards bedruckt. Werte deine Tischdekoration mit unserem bezaubernden gesteppten Tischläufer auf – dort, wo Stil auf Praktikabilität trifft!<br></p>
<p><strong>Hinweis: </strong>Da jedes unserer Produkte auf Bestellung gefertigt wird, kann es im Vergleich zu den Beispielfotos zu Abweichungen von etwa 20 % bei Farbe, Muster, Verarbeitung und Nähten kommen. Wir garantieren jedoch, dass das Hauptdesign wie abgebildet erhalten bleibt.<br></p>",Emma Frankfurt,,,Tischwäsche,true,Größe,S (36 cm × 122 cm),,,,,,,,DHOD1-BZ523002,0.0,,0,continue,manual,44.95,139.95,true,true,,,,,,https://cdn.shopify.com/s/files/1/1059/9569/8513/files/RegalElephantJourneyQuiltedTableRunnerNCU0TH832_51ae2844-887f-4512-bd90-b762c98fe87c.webp?v=1787062404,1,,false,,,,,,,,,,,,,,,,,,,,kg,,,active
gesteppter-tischlaeufer-elefantenmarsch,,,,,,,,,M (36 cm × 183 cm),,,,,,,,DHOD1-BZ523003,0.0,,0,continue,manual,49.95,154.95,true,true,,,,,,,,,,,,,,,,,,,,,,,,,,,,,kg,,,
gesteppter-tischlaeufer-elefantenmarsch,,,,,,,,,L (36 cm × 275 cm),,,,,,,,,0.0,,0,continue,manual,54.95,169.95,true,true,,,,,,,,,,,,,,,,,,,,,,,,,,,,,kg,,,
gesteppter-tischlaeufer-bluetenanmut,Gesteppter Tischläufer - Blütenanmut,"<p>Entdecke den Charme unseres gesteppten Tischläufers – gestaltet, um deinem Essbereich einen Hauch von Eleganz und Behaglichkeit zu verleihen!<br></p>
<p><strong>PRODUKTDETAILS:</strong></p>
<ul>
<li>
<strong>Hochwertiges Material:</strong> Unsere Tischläufer werden aus einer hochwertigen Baumwoll-Polyester-Mischung von Jetiy gefertigt und verbinden die Weichheit und Atmungsaktivität der Baumwolle mit der Langlebigkeit und Pflegeleichtigkeit des Polyesters.<br>
</li>
<li>
<strong>Verschiedene Größen:</strong> Damit für jeden Anlass das Passende dabei ist, gibt es unseren Tischläufer in drei praktischen Größen:<br>
</li>
</ul>
<p><strong>S: 36 cm × 122 cm </strong>- Perfekt für kleine Runden.<br><strong>M: 36 cm × 183 cm</strong> - Ideal für Tische in Standardgröße.<br><strong>L: 36 cm × 275 cm </strong>- Passend für festliche Bankette und lange Tafeln.<br></p>
<ul>
<li>
<strong>Vielfältige Designs: </strong>Entdecke unsere große Auswahl an bezaubernden Designs – jedes einzelne gestaltet, um die Atmosphäre bei Tisch mit seinem ganz eigenen Charme zu bereichern.<br>
</li>
<li>
<strong>Pflegeleicht: </strong>Das Leben ist schon kompliziert genug! Deshalb ist unser Tischläufer maschinenwaschbar und trocknergeeignet – das vereinfacht deine Reinigungsroutine.<br>
</li>
</ul>
<p>Alle Produkte werden auf Bestellung gefertigt und nach den besten verfügbaren Standards bedruckt. Werte deine Tischdekoration mit unserem bezaubernden gesteppten Tischläufer auf – dort, wo Stil auf Praktikabilität trifft!<br></p>
<p><strong>Hinweis: </strong>Da jedes unserer Produkte auf Bestellung gefertigt wird, kann es im Vergleich zu den Beispielfotos zu Abweichungen von etwa 20 % bei Farbe, Muster, Verarbeitung und Nähten kommen. Wir garantieren jedoch, dass das Hauptdesign wie abgebildet erhalten bleibt.<br></p>",Emma Frankfurt,,,Tischwäsche,true,Größe,S (36 cm × 122 cm),,,,,,,,DHOD1-BZ523002,0.0,,0,continue,manual,44.95,139.95,true,true,,,,,,https://cdn.shopify.com/s/files/1/1059/9569/8513/files/Bloom_Grace_Quilted_Table_Runner_NCU0VH2460_542e5e76-52b6-4a92-b53d-05cada11a6a7.webp?v=1787062405,1,,false,,,,,,,,,,,,,,,,,,,,kg,,,active
gesteppter-tischlaeufer-bluetenanmut,,,,,,,,,M (36 cm × 183 cm),,,,,,,,DHOD1-BZ523003,0.0,,0,continue,manual,49.95,154.95,true,true,,,,,,,,,,,,,,,,,,,,,,,,,,,,,kg,,,
gesteppter-tischlaeufer-bluetenanmut,,,,,,,,,L (36 cm × 275 cm),,,,,,,,,0.0,,0,continue,manual,54.95,169.95,true,true,,,,,,,,,,,,,,,,,,,,,,,,,,,,,kg,,,
gesteppter-tischlaeufer-galoppierendes-pferd,Gesteppter Tischläufer - Galoppierendes Pferd,"<p>Entdecke den Charme unseres gesteppten Tischläufers – gestaltet, um deinem Essbereich einen Hauch von Eleganz und Behaglichkeit zu verleihen!<br></p>
<p><strong>PRODUKTDETAILS:</strong></p>
<ul>
<li>
<strong>Hochwertiges Material:</strong> Unsere Tischläufer werden aus einer hochwertigen Baumwoll-Polyester-Mischung von Jetiy gefertigt und verbinden die Weichheit und Atmungsaktivität der Baumwolle mit der Langlebigkeit und Pflegeleichtigkeit des Polyesters.<br>
</li>
<li>
<strong>Verschiedene Größen:</strong> Damit für jeden Anlass das Passende dabei ist, gibt es unseren Tischläufer in drei praktischen Größen:<br>
</li>
</ul>
<p><strong>S: 36 cm × 122 cm </strong>- Perfekt für kleine Runden.<br><strong>M: 36 cm × 183 cm</strong> - Ideal für Tische in Standardgröße.<br><strong>L: 36 cm × 275 cm </strong>- Passend für festliche Bankette und lange Tafeln.<br></p>
<ul>
<li>
<strong>Vielfältige Designs: </strong>Entdecke unsere große Auswahl an bezaubernden Designs – jedes einzelne gestaltet, um die Atmosphäre bei Tisch mit seinem ganz eigenen Charme zu bereichern.<br>
</li>
<li>
<strong>Pflegeleicht: </strong>Das Leben ist schon kompliziert genug! Deshalb ist unser Tischläufer maschinenwaschbar und trocknergeeignet – das vereinfacht deine Reinigungsroutine.<br>
</li>
</ul>
<p>Alle Produkte werden auf Bestellung gefertigt und nach den besten verfügbaren Standards bedruckt. Werte deine Tischdekoration mit unserem bezaubernden gesteppten Tischläufer auf – dort, wo Stil auf Praktikabilität trifft!<br></p>
<p><strong>Hinweis: </strong>Da jedes unserer Produkte auf Bestellung gefertigt wird, kann es im Vergleich zu den Beispielfotos zu Abweichungen von etwa 20 % bei Farbe, Muster, Verarbeitung und Nähten kommen. Wir garantieren jedoch, dass das Hauptdesign wie abgebildet erhalten bleibt.<br></p>",Emma Frankfurt,,,Tischwäsche,true,Größe,S (36 cm × 122 cm),,,,,,,,DHOD1-BZ523002,0.0,,0,continue,manual,44.95,139.95,true,true,,,,,,https://cdn.shopify.com/s/files/1/1059/9569/8513/files/Dynamic-Horse-Design-Quilted-Table-Runner-NCU0PD219.webp?v=1787062404,1,,false,,,,,,,,,,,,,,,,,,,,kg,,,active
gesteppter-tischlaeufer-galoppierendes-pferd,,,,,,,,,M (36 cm × 183 cm),,,,,,,,DHOD1-BZ523003,0.0,,0,continue,manual,49.95,154.95,true,true,,,,,,,,,,,,,,,,,,,,,,,,,,,,,kg,,,
gesteppter-tischlaeufer-galoppierendes-pferd,,,,,,,,,L (36 cm × 275 cm),,,,,,,,,0.0,,0,continue,manual,54.95,169.95,true,true,,,,,,,,,,,,,,,,,,,,,,,,,,,,,kg,,,
gesteppter-tischlaeufer-scharlachrote-fluegel,Gesteppter Tischläufer - Scharlachrote Flügel,"<p>Entdecke den Charme unseres gesteppten Tischläufers – gestaltet, um deinem Essbereich einen Hauch von Eleganz und Behaglichkeit zu verleihen!<br></p>
<p><strong>PRODUKTDETAILS:</strong></p>
<ul>
<li>
<strong>Hochwertiges Material:</strong> Unsere Tischläufer werden aus einer hochwertigen Baumwoll-Polyester-Mischung von Jetiy gefertigt und verbinden die Weichheit und Atmungsaktivität der Baumwolle mit der Langlebigkeit und Pflegeleichtigkeit des Polyesters.<br>
</li>
<li>
<strong>Verschiedene Größen:</strong> Damit für jeden Anlass das Passende dabei ist, gibt es unseren Tischläufer in drei praktischen Größen:<br>
</li>
</ul>
<p><strong>S: 36 cm × 122 cm </strong>- Perfekt für kleine Runden.<br><strong>M: 36 cm × 183 cm</strong> - Ideal für Tische in Standardgröße.<br><strong>L: 36 cm × 275 cm </strong>- Passend für festliche Bankette und lange Tafeln.<br></p>
<ul>
<li>
<strong>Vielfältige Designs: </strong>Entdecke unsere große Auswahl an bezaubernden Designs – jedes einzelne gestaltet, um die Atmosphäre bei Tisch mit seinem ganz eigenen Charme zu bereichern.<br>
</li>
<li>
<strong>Pflegeleicht: </strong>Das Leben ist schon kompliziert genug! Deshalb ist unser Tischläufer maschinenwaschbar und trocknergeeignet – das vereinfacht deine Reinigungsroutine.<br>
</li>
</ul>
<p>Alle Produkte werden auf Bestellung gefertigt und nach den besten verfügbaren Standards bedruckt. Werte deine Tischdekoration mit unserem bezaubernden gesteppten Tischläufer auf – dort, wo Stil auf Praktikabilität trifft!<br></p>
<p><strong>Hinweis: </strong>Da jedes unserer Produkte auf Bestellung gefertigt wird, kann es im Vergleich zu den Beispielfotos zu Abweichungen von etwa 20 % bei Farbe, Muster, Verarbeitung und Nähten kommen. Wir garantieren jedoch, dass das Hauptdesign wie abgebildet erhalten bleibt.<br></p>",Emma Frankfurt,,,Tischwäsche,true,Größe,S (36 cm × 122 cm),,,,,,,,DHOD1-BZ523002,0.0,,0,continue,manual,44.95,139.95,true,true,,,,,,https://cdn.shopify.com/s/files/1/1059/9569/8513/files/Crimson-Wings-Quilted-Table-Runner-NCU0TH1915.webp?v=1787062404,1,,false,,,,,,,,,,,,,,,,,,,,kg,,,active
gesteppter-tischlaeufer-scharlachrote-fluegel,,,,,,,,,M (36 cm × 183 cm),,,,,,,,DHOD1-BZ523003,0.0,,0,continue,manual,49.95,154.95,true,true,,,,,,,,,,,,,,,,,,,,,,,,,,,,,kg,,,
gesteppter-tischlaeufer-scharlachrote-fluegel,,,,,,,,,L (36 cm × 275 cm),,,,,,,,,0.0,,0,continue,manual,54.95,169.95,true,true,,,,,,,,,,,,,,,,,,,,,,,,,,,,,kg,,,
gesteppter-tischlaeufer-hahnenparade,Gesteppter Tischläufer - Hahnenparade,"<p>Entdecke den Charme unseres gesteppten Tischläufers – gestaltet, um deinem Essbereich einen Hauch von Eleganz und Behaglichkeit zu verleihen!<br></p>
<p><strong>PRODUKTDETAILS:</strong></p>
<ul>
<li>
<strong>Hochwertiges Material:</strong> Unsere Tischläufer werden aus einer hochwertigen Baumwoll-Polyester-Mischung von Jetiy gefertigt und verbinden die Weichheit und Atmungsaktivität der Baumwolle mit der Langlebigkeit und Pflegeleichtigkeit des Polyesters.<br>
</li>
<li>
<strong>Verschiedene Größen:</strong> Damit für jeden Anlass das Passende dabei ist, gibt es unseren Tischläufer in drei praktischen Größen:<br>
</li>
</ul>
<p><strong>S: 36 cm × 122 cm </strong>- Perfekt für kleine Runden.<br><strong>M: 36 cm × 183 cm</strong> - Ideal für Tische in Standardgröße.<br><strong>L: 36 cm × 275 cm </strong>- Passend für festliche Bankette und lange Tafeln.<br></p>
<ul>
<li>
<strong>Vielfältige Designs: </strong>Entdecke unsere große Auswahl an bezaubernden Designs – jedes einzelne gestaltet, um die Atmosphäre bei Tisch mit seinem ganz eigenen Charme zu bereichern.<br>
</li>
<li>
<strong>Pflegeleicht: </strong>Das Leben ist schon kompliziert genug! Deshalb ist unser Tischläufer maschinenwaschbar und trocknergeeignet – das vereinfacht deine Reinigungsroutine.<br>
</li>
</ul>
<p>Alle Produkte werden auf Bestellung gefertigt und nach den besten verfügbaren Standards bedruckt. Werte deine Tischdekoration mit unserem bezaubernden gesteppten Tischläufer auf – dort, wo Stil auf Praktikabilität trifft!<br></p>
<p><strong>Hinweis: </strong>Da jedes unserer Produkte auf Bestellung gefertigt wird, kann es im Vergleich zu den Beispielfotos zu Abweichungen von etwa 20 % bei Farbe, Muster, Verarbeitung und Nähten kommen. Wir garantieren jedoch, dass das Hauptdesign wie abgebildet erhalten bleibt.<br></p>",Emma Frankfurt,,,Tischwäsche,true,Größe,S (36 cm × 122 cm),,,,,,,,DHOD1-BZ523002,0.0,,0,continue,manual,44.95,139.95,true,true,,,,,,https://cdn.shopify.com/s/files/1/1059/9569/8513/files/RoosterParadeQuiltedTableRunnerNCU0TH595_3b270d6f-f644-45d9-8359-1e9bfac1b8b2.webp?v=1787062404,1,,false,,,,,,,,,,,,,,,,,,,,kg,,,active
gesteppter-tischlaeufer-hahnenparade,,,,,,,,,M (36 cm × 183 cm),,,,,,,,DHOD1-BZ523003,0.0,,0,continue,manual,49.95,154.95,true,true,,,,,,https://cdn.shopify.com/s/files/1/1059/9569/8513/files/2_75558813-eedd-4f59-b6ed-3b1810b1244a.webp?v=1787062404,2,,,,,,,,,,,,,,,,,,,,,,kg,,,
gesteppter-tischlaeufer-hahnenparade,,,,,,,,,L (36 cm × 275 cm),,,,,,,,,0.0,,0,continue,manual,54.95,169.95,true,true,,,,,,,,,,,,,,,,,,,,,,,,,,,,,kg,,,
gesteppter-tischlaeufer-arktische-pracht,Gesteppter Tischläufer - Arktische Pracht,"<p>Entdecke den Charme unseres gesteppten Tischläufers – gestaltet, um deinem Essbereich einen Hauch von Eleganz und Behaglichkeit zu verleihen!<br></p>
<p><strong>PRODUKTDETAILS:</strong></p>
<ul>
<li>
<strong>Hochwertiges Material:</strong> Unsere Tischläufer werden aus einer hochwertigen Baumwoll-Polyester-Mischung von Jetiy gefertigt und verbinden die Weichheit und Atmungsaktivität der Baumwolle mit der Langlebigkeit und Pflegeleichtigkeit des Polyesters.<br>
</li>
<li>
<strong>Verschiedene Größen:</strong> Damit für jeden Anlass das Passende dabei ist, gibt es unseren Tischläufer in drei praktischen Größen:<br>
</li>
</ul>
<p><strong>S: 36 cm × 122 cm </strong>- Perfekt für kleine Runden.<br><strong>M: 36 cm × 183 cm</strong> - Ideal für Tische in Standardgröße.<br><strong>L: 36 cm × 275 cm </strong>- Passend für festliche Bankette und lange Tafeln.<br></p>
<ul>
<li>
<strong>Vielfältige Designs: </strong>Entdecke unsere große Auswahl an bezaubernden Designs – jedes einzelne gestaltet, um die Atmosphäre bei Tisch mit seinem ganz eigenen Charme zu bereichern.<br>
</li>
<li>
<strong>Pflegeleicht: </strong>Das Leben ist schon kompliziert genug! Deshalb ist unser Tischläufer maschinenwaschbar und trocknergeeignet – das vereinfacht deine Reinigungsroutine.<br>
</li>
</ul>
<p>Alle Produkte werden auf Bestellung gefertigt und nach den besten verfügbaren Standards bedruckt. Werte deine Tischdekoration mit unserem bezaubernden gesteppten Tischläufer auf – dort, wo Stil auf Praktikabilität trifft!<br></p>
<p><strong>Hinweis: </strong>Da jedes unserer Produkte auf Bestellung gefertigt wird, kann es im Vergleich zu den Beispielfotos zu Abweichungen von etwa 20 % bei Farbe, Muster, Verarbeitung und Nähten kommen. Wir garantieren jedoch, dass das Hauptdesign wie abgebildet erhalten bleibt.<br></p>",Emma Frankfurt,,,Tischwäsche,true,Größe,S (36 cm × 122 cm),,,,,,,,DHOD1-BZ523002,0.0,,0,continue,manual,44.95,139.95,true,true,,,,,,https://cdn.shopify.com/s/files/1/1059/9569/8513/files/30_9aa2488d-0581-4ad6-ad3f-e830ff2d0ea5.webp?v=1787062405,1,,false,,,,,,,,,,,,,,,,,,,,kg,,,active
gesteppter-tischlaeufer-arktische-pracht,,,,,,,,,M (36 cm × 183 cm),,,,,,,,DHOD1-BZ523003,0.0,,0,continue,manual,49.95,154.95,true,true,,,,,,https://cdn.shopify.com/s/files/1/1059/9569/8513/files/ArcticGlowQuiltedTableRunnerNCU0NT634_1.webp?v=1787062405,2,,,,,,,,,,,,,,,,,,,,,,kg,,,
gesteppter-tischlaeufer-arktische-pracht,,,,,,,,,L (36 cm × 275 cm),,,,,,,,,0.0,,0,continue,manual,54.95,169.95,true,true,,,,,,https://cdn.shopify.com/s/files/1/1059/9569/8513/files/ArcticGlowQuiltedTableRunnerNCU0NT634_2.webp?v=1787062404,3,,,,,,,,,,,,,,,,,,,,,,kg,,,
gesteppter-tischlaeufer-arktische-pracht,,,,,,,,,,,,,,,,,,,,,,,,,,,,,,,,https://cdn.shopify.com/s/files/1/1059/9569/8513/files/ArcticGlowQuiltedTableRunnerNCU0NT634_3.webp?v=1787062404,4,,,,,,,,,,,,,,,,,,,,,,,,,
gesteppter-tischlaeufer-arktische-pracht,,,,,,,,,,,,,,,,,,,,,,,,,,,,,,,,https://cdn.shopify.com/s/files/1/1059/9569/8513/files/ArcticGlowQuiltedTableRunnerNCU0NT634_4.webp?v=1787062405,5,,,,,,,,,,,,,,,,,,,,,,,,,
gesteppter-tischlaeufer-keltischer-geist,Gesteppter Tischläufer - Keltischer Geist,"<p>Entdecke den Charme unseres gesteppten Tischläufers – gestaltet, um deinem Essbereich einen Hauch von Eleganz und Behaglichkeit zu verleihen!<br></p>
<p><strong>PRODUKTDETAILS:</strong></p>
<ul>
<li>
<strong>Hochwertiges Material:</strong> Unsere Tischläufer werden aus einer hochwertigen Baumwoll-Polyester-Mischung von Jetiy gefertigt und verbinden die Weichheit und Atmungsaktivität der Baumwolle mit der Langlebigkeit und Pflegeleichtigkeit des Polyesters.<br>
</li>
<li>
<strong>Verschiedene Größen:</strong> Damit für jeden Anlass das Passende dabei ist, gibt es unseren Tischläufer in drei praktischen Größen:<br>
</li>
</ul>
<p><strong>S: 36 cm × 122 cm </strong>- Perfekt für kleine Runden.<br><strong>M: 36 cm × 183 cm</strong> - Ideal für Tische in Standardgröße.<br><strong>L: 36 cm × 275 cm </strong>- Passend für festliche Bankette und lange Tafeln.<br></p>
<ul>
<li>
<strong>Vielfältige Designs: </strong>Entdecke unsere große Auswahl an bezaubernden Designs – jedes einzelne gestaltet, um die Atmosphäre bei Tisch mit seinem ganz eigenen Charme zu bereichern.<br>
</li>
<li>
<strong>Pflegeleicht: </strong>Das Leben ist schon kompliziert genug! Deshalb ist unser Tischläufer maschinenwaschbar und trocknergeeignet – das vereinfacht deine Reinigungsroutine.<br>
</li>
</ul>
<p>Alle Produkte werden auf Bestellung gefertigt und nach den besten verfügbaren Standards bedruckt. Werte deine Tischdekoration mit unserem bezaubernden gesteppten Tischläufer auf – dort, wo Stil auf Praktikabilität trifft!<br></p>
<p><strong>Hinweis: </strong>Da jedes unserer Produkte auf Bestellung gefertigt wird, kann es im Vergleich zu den Beispielfotos zu Abweichungen von etwa 20 % bei Farbe, Muster, Verarbeitung und Nähten kommen. Wir garantieren jedoch, dass das Hauptdesign wie abgebildet erhalten bleibt.<br></p>",Emma Frankfurt,,,Tischwäsche,true,Größe,S (36 cm × 122 cm),,,,,,,,DHOD1-BZ523002,0.0,,0,continue,manual,44.95,139.95,true,true,,,,,,https://cdn.shopify.com/s/files/1/1059/9569/8513/files/Celtic-Spirit-Tree-Quilted-Table-Runner-NCU0TH454_30c8d058-3e2b-43f7-810c-704e2056b680.webp?v=1787062409,1,,false,,,,,,,,,,,,,,,,,,,,kg,,,active
gesteppter-tischlaeufer-keltischer-geist,,,,,,,,,M (36 cm × 183 cm),,,,,,,,DHOD1-BZ523003,0.0,,0,continue,manual,49.95,154.95,true,true,,,,,,,,,,,,,,,,,,,,,,,,,,,,,kg,,,
gesteppter-tischlaeufer-keltischer-geist,,,,,,,,,L (36 cm × 275 cm),,,,,,,,,0.0,,0,continue,manual,54.95,169.95,true,true,,,,,,,,,,,,,,,,,,,,,,,,,,,,,kg,,,
gesteppter-tischlaeufer-licht-von-bethlehem,Gesteppter Tischläufer - Licht von Bethlehem,"<p>Entdecke den Charme unseres gesteppten Tischläufers – gestaltet, um deinem Essbereich einen Hauch von Eleganz und Behaglichkeit zu verleihen!<br></p>
<p><strong>PRODUKTDETAILS:</strong></p>
<ul>
<li>
<strong>Hochwertiges Material:</strong> Unsere Tischläufer werden aus einer hochwertigen Baumwoll-Polyester-Mischung von Jetiy gefertigt und verbinden die Weichheit und Atmungsaktivität der Baumwolle mit der Langlebigkeit und Pflegeleichtigkeit des Polyesters.<br>
</li>
<li>
<strong>Verschiedene Größen:</strong> Damit für jeden Anlass das Passende dabei ist, gibt es unseren Tischläufer in drei praktischen Größen:<br>
</li>
</ul>
<p><strong>S: 36 cm × 122 cm </strong>- Perfekt für kleine Runden.<br><strong>M: 36 cm × 183 cm</strong> - Ideal für Tische in Standardgröße.<br><strong>L: 36 cm × 275 cm </strong>- Passend für festliche Bankette und lange Tafeln.<br></p>
<ul>
<li>
<strong>Vielfältige Designs: </strong>Entdecke unsere große Auswahl an bezaubernden Designs – jedes einzelne gestaltet, um die Atmosphäre bei Tisch mit seinem ganz eigenen Charme zu bereichern.<br>
</li>
<li>
<strong>Pflegeleicht: </strong>Das Leben ist schon kompliziert genug! Deshalb ist unser Tischläufer maschinenwaschbar und trocknergeeignet – das vereinfacht deine Reinigungsroutine.<br>
</li>
</ul>
<p>Alle Produkte werden auf Bestellung gefertigt und nach den besten verfügbaren Standards bedruckt. Werte deine Tischdekoration mit unserem bezaubernden gesteppten Tischläufer auf – dort, wo Stil auf Praktikabilität trifft!<br></p>
<p><strong>Hinweis: </strong>Da jedes unserer Produkte auf Bestellung gefertigt wird, kann es im Vergleich zu den Beispielfotos zu Abweichungen von etwa 20 % bei Farbe, Muster, Verarbeitung und Nähten kommen. Wir garantieren jedoch, dass das Hauptdesign wie abgebildet erhalten bleibt.<br></p>",Emma Frankfurt,,,Tischwäsche,true,Größe,S (36 cm × 122 cm),,,,,,,,DHOD1-BZ523002,0.0,,0,continue,manual,44.95,139.95,true,true,,,,,,https://cdn.shopify.com/s/files/1/1059/9569/8513/files/1_c1dfb1ef-f29f-425d-a026-c79056476601.webp?v=1787062406,1,,false,,,,,,,,,,,,,,,,,,,,kg,,,active
gesteppter-tischlaeufer-licht-von-bethlehem,,,,,,,,,M (36 cm × 183 cm),,,,,,,,DHOD1-BZ523003,0.0,,0,continue,manual,49.95,154.95,true,true,,,,,,https://cdn.shopify.com/s/files/1/1059/9569/8513/files/BethlehemStarlightQuiltedTableRunnerNCU0NT1424_1.webp?v=1787062406,2,,,,,,,,,,,,,,,,,,,,,,kg,,,
gesteppter-tischlaeufer-licht-von-bethlehem,,,,,,,,,L (36 cm × 275 cm),,,,,,,,,0.0,,0,continue,manual,54.95,169.95,true,true,,,,,,https://cdn.shopify.com/s/files/1/1059/9569/8513/files/BethlehemStarlightQuiltedTableRunnerNCU0NT1424_2.webp?v=1787062405,3,,,,,,,,,,,,,,,,,,,,,,kg,,,
gesteppter-tischlaeufer-licht-von-bethlehem,,,,,,,,,,,,,,,,,,,,,,,,,,,,,,,,https://cdn.shopify.com/s/files/1/1059/9569/8513/files/BethlehemStarlightQuiltedTableRunnerNCU0NT1424_3.webp?v=1787062405,4,,,,,,,,,,,,,,,,,,,,,,,,,
gesteppter-tischlaeufer-licht-von-bethlehem,,,,,,,,,,,,,,,,,,,,,,,,,,,,,,,,https://cdn.shopify.com/s/files/1/1059/9569/8513/files/BethlehemStarlightQuiltedTableRunnerNCU0NT1424_4.webp?v=1787062405,5,,,,,,,,,,,,,,,,,,,,,,,,,
gesteppter-tischlaeufer-sternenschoenheit,Gesteppter Tischläufer - Sternenschönheit,"<p>Entdecke den Charme unseres gesteppten Tischläufers – gestaltet, um deinem Essbereich einen Hauch von Eleganz und Behaglichkeit zu verleihen!<br></p>
<p><strong>PRODUKTDETAILS:</strong></p>
<ul>
<li>
<strong>Hochwertiges Material:</strong> Unsere Tischläufer werden aus einer hochwertigen Baumwoll-Polyester-Mischung von Jetiy gefertigt und verbinden die Weichheit und Atmungsaktivität der Baumwolle mit der Langlebigkeit und Pflegeleichtigkeit des Polyesters.<br>
</li>
<li>
<strong>Verschiedene Größen:</strong> Damit für jeden Anlass das Passende dabei ist, gibt es unseren Tischläufer in drei praktischen Größen:<br>
</li>
</ul>
<p><strong>S: 36 cm × 122 cm </strong>- Perfekt für kleine Runden.<br><strong>M: 36 cm × 183 cm</strong> - Ideal für Tische in Standardgröße.<br><strong>L: 36 cm × 275 cm </strong>- Passend für festliche Bankette und lange Tafeln.<br></p>
<ul>
<li>
<strong>Vielfältige Designs: </strong>Entdecke unsere große Auswahl an bezaubernden Designs – jedes einzelne gestaltet, um die Atmosphäre bei Tisch mit seinem ganz eigenen Charme zu bereichern.<br>
</li>
<li>
<strong>Pflegeleicht: </strong>Das Leben ist schon kompliziert genug! Deshalb ist unser Tischläufer maschinenwaschbar und trocknergeeignet – das vereinfacht deine Reinigungsroutine.<br>
</li>
</ul>
<p>Alle Produkte werden auf Bestellung gefertigt und nach den besten verfügbaren Standards bedruckt. Werte deine Tischdekoration mit unserem bezaubernden gesteppten Tischläufer auf – dort, wo Stil auf Praktikabilität trifft!<br></p>
<p><strong>Hinweis: </strong>Da jedes unserer Produkte auf Bestellung gefertigt wird, kann es im Vergleich zu den Beispielfotos zu Abweichungen von etwa 20 % bei Farbe, Muster, Verarbeitung und Nähten kommen. Wir garantieren jedoch, dass das Hauptdesign wie abgebildet erhalten bleibt.<br></p>",Emma Frankfurt,,,Tischwäsche,true,Größe,S (36 cm × 122 cm),,,,,,,,DHOD1-BZ523002,0.0,,0,continue,manual,44.95,139.95,true,true,,,,,,https://cdn.shopify.com/s/files/1/1059/9569/8513/files/Star-Spangled_Beauty_Quilted_Table_Runner_NCU0PT4343_13b43200-5ff4-4542-b7dc-765e3b7f121f.webp?v=1787062406,1,,false,,,,,,,,,,,,,,,,,,,,kg,,,active
gesteppter-tischlaeufer-sternenschoenheit,,,,,,,,,M (36 cm × 183 cm),,,,,,,,DHOD1-BZ523003,0.0,,0,continue,manual,49.95,154.95,true,true,,,,,,,,,,,,,,,,,,,,,,,,,,,,,kg,,,
gesteppter-tischlaeufer-sternenschoenheit,,,,,,,,,L (36 cm × 275 cm),,,,,,,,,0.0,,0,continue,manual,54.95,169.95,true,true,,,,,,,,,,,,,,,,,,,,,,,,,,,,,kg,,,
gesteppter-tischlaeufer-halloween-freude,Gesteppter Tischläufer - Halloween-Freude,"<p>Entdecke den Charme unseres gesteppten Tischläufers – gestaltet, um deinem Essbereich einen Hauch von Eleganz und Behaglichkeit zu verleihen!<br></p>
<p><strong>PRODUKTDETAILS:</strong></p>
<ul>
<li>
<strong>Hochwertiges Material:</strong> Unsere Tischläufer werden aus einer hochwertigen Baumwoll-Polyester-Mischung von Jetiy gefertigt und verbinden die Weichheit und Atmungsaktivität der Baumwolle mit der Langlebigkeit und Pflegeleichtigkeit des Polyesters.<br>
</li>
<li>
<strong>Verschiedene Größen:</strong> Damit für jeden Anlass das Passende dabei ist, gibt es unseren Tischläufer in drei praktischen Größen:<br>
</li>
</ul>
<p><strong>S: 36 cm × 122 cm </strong>- Perfekt für kleine Runden.<br><strong>M: 36 cm × 183 cm</strong> - Ideal für Tische in Standardgröße.<br><strong>L: 36 cm × 275 cm </strong>- Passend für festliche Bankette und lange Tafeln.<br></p>
<ul>
<li>
<strong>Vielfältige Designs: </strong>Entdecke unsere große Auswahl an bezaubernden Designs – jedes einzelne gestaltet, um die Atmosphäre bei Tisch mit seinem ganz eigenen Charme zu bereichern.<br>
</li>
<li>
<strong>Pflegeleicht: </strong>Das Leben ist schon kompliziert genug! Deshalb ist unser Tischläufer maschinenwaschbar und trocknergeeignet – das vereinfacht deine Reinigungsroutine.<br>
</li>
</ul>
<p>Alle Produkte werden auf Bestellung gefertigt und nach den besten verfügbaren Standards bedruckt. Werte deine Tischdekoration mit unserem bezaubernden gesteppten Tischläufer auf – dort, wo Stil auf Praktikabilität trifft!<br></p>
<p><strong>Hinweis: </strong>Da jedes unserer Produkte auf Bestellung gefertigt wird, kann es im Vergleich zu den Beispielfotos zu Abweichungen von etwa 20 % bei Farbe, Muster, Verarbeitung und Nähten kommen. Wir garantieren jedoch, dass das Hauptdesign wie abgebildet erhalten bleibt.<br></p>",Emma Frankfurt,,,Tischwäsche,true,Größe,S (36 cm × 122 cm),,,,,,,,DHOD1-BZ523002,0.0,,0,continue,manual,44.95,139.95,true,true,,,,,,https://cdn.shopify.com/s/files/1/1059/9569/8513/files/Halloween_Cheer_Quilted_Table_Runner_NCU0NT700_b1320176-c19f-44ba-98a7-eaef2436c91e.jpg?v=1787062407,1,,false,,,,,,,,,,,,,,,,,,,,kg,,,active
gesteppter-tischlaeufer-halloween-freude,,,,,,,,,M (36 cm × 183 cm),,,,,,,,DHOD1-BZ523003,0.0,,0,continue,manual,49.95,154.95,true,true,,,,,,,,,,,,,,,,,,,,,,,,,,,,,kg,,,
gesteppter-tischlaeufer-halloween-freude,,,,,,,,,L (36 cm × 275 cm),,,,,,,,,0.0,,0,continue,manual,54.95,169.95,true,true,,,,,,,,,,,,,,,,,,,,,,,,,,,,,kg,,,
gesteppter-tischlaeufer-rustikale-magnolienbluete,Gesteppter Tischläufer - Rustikale Magnolienblüte,"<p>Entdecke den Charme unseres gesteppten Tischläufers – gestaltet, um deinem Essbereich einen Hauch von Eleganz und Behaglichkeit zu verleihen!<br></p>
<p><strong>PRODUKTDETAILS:</strong></p>
<ul>
<li>
<strong>Hochwertiges Material:</strong> Unsere Tischläufer werden aus einer hochwertigen Baumwoll-Polyester-Mischung von Jetiy gefertigt und verbinden die Weichheit und Atmungsaktivität der Baumwolle mit der Langlebigkeit und Pflegeleichtigkeit des Polyesters.<br>
</li>
<li>
<strong>Verschiedene Größen:</strong> Damit für jeden Anlass das Passende dabei ist, gibt es unseren Tischläufer in drei praktischen Größen:<br>
</li>
</ul>
<p><strong>S: 36 cm × 122 cm </strong>- Perfekt für kleine Runden.<br><strong>M: 36 cm × 183 cm</strong> - Ideal für Tische in Standardgröße.<br><strong>L: 36 cm × 275 cm </strong>- Passend für festliche Bankette und lange Tafeln.<br></p>
<ul>
<li>
<strong>Vielfältige Designs: </strong>Entdecke unsere große Auswahl an bezaubernden Designs – jedes einzelne gestaltet, um die Atmosphäre bei Tisch mit seinem ganz eigenen Charme zu bereichern.<br>
</li>
<li>
<strong>Pflegeleicht: </strong>Das Leben ist schon kompliziert genug! Deshalb ist unser Tischläufer maschinenwaschbar und trocknergeeignet – das vereinfacht deine Reinigungsroutine.<br>
</li>
</ul>
<p>Alle Produkte werden auf Bestellung gefertigt und nach den besten verfügbaren Standards bedruckt. Werte deine Tischdekoration mit unserem bezaubernden gesteppten Tischläufer auf – dort, wo Stil auf Praktikabilität trifft!<br></p>
<p><strong>Hinweis: </strong>Da jedes unserer Produkte auf Bestellung gefertigt wird, kann es im Vergleich zu den Beispielfotos zu Abweichungen von etwa 20 % bei Farbe, Muster, Verarbeitung und Nähten kommen. Wir garantieren jedoch, dass das Hauptdesign wie abgebildet erhalten bleibt.<br></p>",Emma Frankfurt,,,Tischwäsche,true,Größe,S (36 cm × 122 cm),,,,,,,,DHOD1-BZ523002,0.0,,0,continue,manual,44.95,139.95,true,true,,,,,,https://cdn.shopify.com/s/files/1/1059/9569/8513/files/Rustic_Magnolia_Bloom_Quilted_Table_Runner_NCU0PT3861_2dda8e9f-7513-4943-90f8-98393359e630.webp?v=1787062407,1,,false,,,,,,,,,,,,,,,,,,,,kg,,,active
gesteppter-tischlaeufer-rustikale-magnolienbluete,,,,,,,,,M (36 cm × 183 cm),,,,,,,,DHOD1-BZ523003,0.0,,0,continue,manual,49.95,154.95,true,true,,,,,,https://cdn.shopify.com/s/files/1/1059/9569/8513/files/Rustic_Magnolia_Bloom_Quilted_Table_Runner_NCU0PT3861_4.webp?v=1787062405,2,,,,,,,,,,,,,,,,,,,,,,kg,,,
gesteppter-tischlaeufer-rustikale-magnolienbluete,,,,,,,,,L (36 cm × 275 cm),,,,,,,,,0.0,,0,continue,manual,54.95,169.95,true,true,,,,,,https://cdn.shopify.com/s/files/1/1059/9569/8513/files/Rustic_Magnolia_Bloom_Quilted_Table_Runner_NCU0PT3861_2.webp?v=1787062405,3,,,,,,,,,,,,,,,,,,,,,,kg,,,
gesteppter-tischlaeufer-rustikale-magnolienbluete,,,,,,,,,,,,,,,,,,,,,,,,,,,,,,,,https://cdn.shopify.com/s/files/1/1059/9569/8513/files/Rustic_Magnolia_Bloom_Quilted_Table_Runner_NCU0PT3861_3.webp?v=1787062405,4,,,,,,,,,,,,,,,,,,,,,,,,,
gesteppter-tischlaeufer-rustikale-magnolienbluete,,,,,,,,,,,,,,,,,,,,,,,,,,,,,,,,https://cdn.shopify.com/s/files/1/1059/9569/8513/files/Rustic_Magnolia_Bloom_Quilted_Table_Runner_NCU0PT3861_1.webp?v=1787062405,5,,,,,,,,,,,,,,,,,,,,,,,,,
