Handle,Title,Body (HTML),Vendor,Product Category,Type,Tags,Published,Option1 Name,Option1 Value,Option1 Linked To,Option2 Name,Option2 Value,Option2 Linked To,Option3 Name,Option3 Value,Option3 Linked To,Variant SKU,Variant Grams,Variant Inventory Tracker,Variant Inventory Qty,Variant Inventory Policy,Variant Fulfillment Service,Variant Price,Variant Compare At Price,Variant Requires Shipping,Variant Taxable,Unit Price Total Measure,Unit Price Total Measure Unit,Unit Price Base Measure,Unit Price Base Measure Unit,Variant Barcode,Image Src,Image Position,Image Alt Text,Gift Card,SEO Title,SEO Description,Google Shopping / Google Product Category,Google Shopping / Gender,Google Shopping / Age Group,Google Shopping / MPN,Google Shopping / Condition,Google Shopping / Custom Product,Google Shopping / Custom Label 0,Google Shopping / Custom Label 1,Google Shopping / Custom Label 2,Google Shopping / Custom Label 3,Google Shopping / Custom Label 4,Google: Custom Product (product.metafields.mm-google-shopping.custom_product),Complementary products (product.metafields.shopify--discovery--product_recommendation.complementary_products),Related products (product.metafields.shopify--discovery--product_recommendation.related_products),Related products settings (product.metafields.shopify--discovery--product_recommendation.related_products_display),Search product boosts (product.metafields.shopify--discovery--product_search_boost.queries),Variant Image,Variant Weight Unit,Variant Tax Code,Cost per item,Status
camino-de-mesa-acolchado-flor-de-magnolia-rustica,Gesteppter Tischläufer - Rustikale Magnolienblüte,"<p>¡Descubre el encanto de nuestro Camino de Mesa Acolchado, diseñado para añadir un toque de elegancia y confort a tu espacio de comedor!<br></p>
<p><strong>DETALLES DEL PRODUCTO:</strong></p>
<ul>
<li>
<strong>Material de Alta Calidad:</strong> Nuestros edredones están fabricados con una mezcla premium de algodón y poliéster de Jetiy, combinando la suavidad y transpirabilidad del algodón con la durabilidad y facilidad de mantenimiento del poliéster.<br>
</li>
<li>
<strong>Variedad de Tamaños:</strong> Para satisfacer tus necesidades específicas, nuestro camino de mesa está disponible en tres tamaños prácticos:<br>
</li>
</ul>
<p><strong>S: 36 cm x 122 cm </strong>- Perfecto para pequeñas reuniones.<br><strong>M: 36 cm × 183 cm</strong> - Ideal para mesas de tamaño estándar.<br><strong>L: 36 cm × 275 cm </strong>- Adecuado para banquetes lujosos y mesas largas.<br></p>
<ul>
<li>
<strong>Diseños Diversificados:</strong> Descubre nuestra amplia gama de diseños deslumbrantes, cada uno creado para realzar la atmósfera de tus comidas con su encanto único.<br>
</li>
<li>
<strong>Mantenimiento Fácil:</strong> ¡La vida ya es complicada! Por eso, nuestro camino de mesa es lavable a máquina y apto para secadora, simplificando así tu rutina de limpieza.<br>
</li>
</ul>
<p>Todos los productos se fabrican por encargo e impresos según los mejores estándares disponibles. ¡Eleva la decoración de tu mesa con nuestro encantador Camino de Mesa Acolchado, donde el estilo y la practicidad se encuentran!<br></p>
<p><strong>Nota:</strong> Dado que cada uno de nuestros productos se fabrica por encargo, puede haber una variación de aproximadamente el 20% en el color, patrón, acabado y costuras en comparación con las fotos de ejemplo. Sin embargo, garantizamos que el diseño principal se mantenga conforme a lo presentado.<br></p>",Emma Frankfurt,,,Mantelería,true,Tamaño,S (36 cm x 122 cm),,,,,,,,DHOD1-BZ523002,0.0,,0,continue,manual,39.95,134.95,true,true,,,,,,https://cdn.shopify.com/s/files/1/1059/9569/8513/files/Rustic_Magnolia_Bloom_Quilted_Table_Runner_NCU0PT3861_2dda8e9f-7513-4943-90f8-98393359e630.webp?v=1787062407,1,,false,,,,,,,,,,,,,,,,,,,,kg,,,active
camino-de-mesa-acolchado-flor-de-magnolia-rustica,,,,,,,,,M (36 cm × 183 cm),,,,,,,,DHOD1-BZ523003,0.0,,0,continue,manual,44.95,149.95,true,true,,,,,,https://cdn.shopify.com/s/files/1/1059/9569/8513/files/Rustic_Magnolia_Bloom_Quilted_Table_Runner_NCU0PT3861_4.webp?v=1787062405,2,,,,,,,,,,,,,,,,,,,,,,kg,,,
camino-de-mesa-acolchado-flor-de-magnolia-rustica,,,,,,,,,L (36 cm × 275 cm),,,,,,,,,0.0,,0,continue,manual,49.95,164.95,true,true,,,,,,https://cdn.shopify.com/s/files/1/1059/9569/8513/files/Rustic_Magnolia_Bloom_Quilted_Table_Runner_NCU0PT3861_2.webp?v=1787062405,3,,,,,,,,,,,,,,,,,,,,,,kg,,,
camino-de-mesa-acolchado-flor-de-magnolia-rustica,,,,,,,,,,,,,,,,,,,,,,,,,,,,,,,,https://cdn.shopify.com/s/files/1/1059/9569/8513/files/Rustic_Magnolia_Bloom_Quilted_Table_Runner_NCU0PT3861_3.webp?v=1787062405,4,,,,,,,,,,,,,,,,,,,,,,,,,
camino-de-mesa-acolchado-flor-de-magnolia-rustica,,,,,,,,,,,,,,,,,,,,,,,,,,,,,,,,https://cdn.shopify.com/s/files/1/1059/9569/8513/files/Rustic_Magnolia_Bloom_Quilted_Table_Runner_NCU0PT3861_1.webp?v=1787062405,5,,,,,,,,,,,,,,,,,,,,,,,,,
camino-de-mesa-acolchado-alegria-de-halloween,Gesteppter Tischläufer - Halloween-Freude,"<p>¡Descubre el encanto de nuestro Camino de Mesa Acolchado, diseñado para añadir un toque de elegancia y confort a tu espacio de comedor!<br></p>
<p><strong>DETALLES DEL PRODUCTO:</strong></p>
<ul>
<li>
<strong>Material de Alta Calidad:</strong> Nuestras mantas están fabricadas con una mezcla premium de algodón y poliéster de Jetiy, combinando la suavidad y transpirabilidad del algodón con la durabilidad y facilidad de cuidado del poliéster.<br>
</li>
<li>
<strong>Variedad de Tamaños:</strong> Para satisfacer tus necesidades específicas, nuestro camino de mesa está disponible en tres tamaños prácticos:<br>
</li>
</ul>
<p><strong>S: 36 cm x 122 cm </strong>- Perfecto para pequeñas reuniones.<br><strong>M: 36 cm × 183 cm</strong> - Ideal para mesas de tamaño estándar.<br><strong>L: 36 cm × 275 cm </strong>- Adecuado para banquetes lujosos y mesas largas.<br></p>
<ul>
<li>
<strong>Diseños Variados:</strong> Descubre nuestra amplia gama de diseños deslumbrantes, cada uno creado para realzar la atmósfera de tus comidas con su encanto único.<br>
</li>
<li>
<strong>Cuidado Fácil:</strong> ¡La vida ya es complicada! Por eso, nuestro camino de mesa es lavable a máquina y apto para secadora, simplificando tu rutina de limpieza.<br>
</li>
</ul>
<p>Todos los productos se fabrican por encargo e imprimen según los mejores estándares disponibles. ¡Eleva la decoración de tu mesa con nuestro encantador Camino de Mesa Acolchado, donde el estilo y la practicidad se encuentran!<br></p>
<p><strong>Nota:</strong> Dado que cada uno de nuestros productos se fabrica por encargo, puede haber una variación de aproximadamente el 20% en el color, patrón, acabado y costuras en comparación con las fotos de ejemplo. Sin embargo, garantizamos que el diseño principal se mantenga conforme a lo presentado.<br></p>",Emma Frankfurt,,,Mantelería,true,Tamaño,S (36 cm x 122 cm),,,,,,,,DHOD1-BZ523002,0.0,,0,continue,manual,39.95,134.95,true,true,,,,,,https://cdn.shopify.com/s/files/1/1059/9569/8513/files/Halloween_Cheer_Quilted_Table_Runner_NCU0NT700_b1320176-c19f-44ba-98a7-eaef2436c91e.jpg?v=1787062407,1,,false,,,,,,,,,,,,,,,,,,,,kg,,,active
camino-de-mesa-acolchado-alegria-de-halloween,,,,,,,,,M (36 cm × 183 cm),,,,,,,,DHOD1-BZ523003,0.0,,0,continue,manual,44.95,149.95,true,true,,,,,,,,,,,,,,,,,,,,,,,,,,,,,kg,,,
camino-de-mesa-acolchado-alegria-de-halloween,,,,,,,,,L (36 cm × 275 cm),,,,,,,,,0.0,,0,continue,manual,49.95,164.95,true,true,,,,,,,,,,,,,,,,,,,,,,,,,,,,,kg,,,
camino-de-mesa-acolchado-belleza-estrellada,Gesteppter Tischläufer - Sternenschönheit,"<p>¡Descubre el encanto de nuestro Camino de Mesa Acolchado, diseñado para añadir un toque de elegancia y confort a tu espacio de comidas!<br></p>  
<p><strong>DETALLES DEL PRODUCTO:</strong></p>  
<ul>  
<li>  
<strong>Material de Alta Calidad:</strong> Nuestras mantas están fabricadas con una mezcla premium de algodón y poliéster de Jetiy, combinando la suavidad y transpirabilidad del algodón con la durabilidad y facilidad de mantenimiento del poliéster.<br>  
</li>  
<li>  
<strong>Variedad de Tamaños:</strong> Para satisfacer tus necesidades específicas, nuestro camino de mesa está disponible en tres tamaños prácticos:<br>  
</li>  
</ul>  
<p><strong>S: 36 cm x 122 cm </strong>- Perfecto para pequeñas reuniones.<br><strong>M: 36 cm × 183 cm</strong> - Ideal para mesas de tamaño estándar.<br><strong>L: 36 cm × 275 cm </strong>- Adecuado para banquetes lujosos y mesas largas.<br></p>  
<ul>  
<li>  
<strong>Diseños Variados:</strong> Descubre nuestra amplia gama de diseños deslumbrantes, cada uno creado para realzar la atmósfera de tus comidas con su encanto único.<br>  
</li>  
<li>  
<strong>Mantenimiento Fácil:</strong> ¡La vida ya es complicada! Por eso, nuestro camino de mesa es lavable a máquina y apto para secado en tambor, simplificando tu rutina de limpieza.<br>  
</li>  
</ul>  
<p>Todos los productos se fabrican por encargo e imprimen con los mejores estándares disponibles. ¡Eleva la decoración de tu mesa con nuestro encantador Camino de Mesa Acolchado, donde el estilo y la practicidad se encuentran!<br></p>  
<p><strong>Nota:</strong> Dado que cada uno de nuestros productos se fabrica por encargo, puede haber una variación de aproximadamente un 20 % en el color, el patrón, el acabado y las costuras en comparación con las fotos de ejemplo. Sin embargo, garantizamos que el diseño principal se mantenga conforme a lo presentado.<br></p>",Emma Frankfurt,,,Mantelería,true,Tamaño,S (36 cm x 122 cm),,,,,,,,DHOD1-BZ523002,0.0,,0,continue,manual,39.95,134.95,true,true,,,,,,https://cdn.shopify.com/s/files/1/1059/9569/8513/files/Star-Spangled_Beauty_Quilted_Table_Runner_NCU0PT4343_13b43200-5ff4-4542-b7dc-765e3b7f121f.webp?v=1787062406,1,,false,,,,,,,,,,,,,,,,,,,,kg,,,active
camino-de-mesa-acolchado-belleza-estrellada,,,,,,,,,M (36 cm × 183 cm),,,,,,,,DHOD1-BZ523003,0.0,,0,continue,manual,44.95,149.95,true,true,,,,,,,,,,,,,,,,,,,,,,,,,,,,,kg,,,
camino-de-mesa-acolchado-belleza-estrellada,,,,,,,,,L (36 cm × 275 cm),,,,,,,,,0.0,,0,continue,manual,49.95,164.95,true,true,,,,,,,,,,,,,,,,,,,,,,,,,,,,,kg,,,
camino-de-mesa-acolchado-luz-de-belen,Gesteppter Tischläufer - Licht von Bethlehem,"<p>¡Descubre el encanto de nuestro Camino de Mesa Acolchado, diseñado para añadir un toque de elegancia y confort a tu espacio de comedor!<br></p>
<p><strong>DETALLES DEL PRODUCTO:</strong></p>
<ul>
<li>
<strong>Material de Alta Calidad:</strong> Nuestras mantas están fabricadas con una mezcla premium de algodón y poliéster de Jetiy, combinando la suavidad y transpirabilidad del algodón con la durabilidad y facilidad de mantenimiento del poliéster.<br>
</li>
<li>
<strong>Variedad de Tamaños:</strong> Para satisfacer tus necesidades específicas, nuestro camino de mesa está disponible en tres tamaños prácticos:<br>
</li>
</ul>
<p><strong>S: 36 cm x 122 cm </strong>- Perfecto para pequeñas reuniones.<br><strong>M: 36 cm × 183 cm</strong> - Ideal para mesas de tamaño estándar.<br><strong>L: 36 cm × 275 cm </strong>- Adecuado para banquetes lujosos y mesas largas.<br></p>
<ul>
<li>
<strong>Diseños Diversificados: </strong>Descubre nuestra amplia gama de diseños deslumbrantes, cada uno creado para realzar la atmósfera de tus comidas con su encanto único.<br>
</li>
<li>
<strong>Mantenimiento Fácil: </strong>¡La vida ya es complicada! Por eso, nuestro camino de mesa es lavable a máquina y apto para secado en tambor, simplificando tu rutina de limpieza.<br>
</li>
</ul>
<p>Todos los productos se fabrican por encargo e impresos con los mejores estándares disponibles. ¡Eleva la decoración de tu mesa con nuestro encantador Camino de Mesa Acolchado, donde estilo y practicidad se encuentran!<br></p>
<p><strong>Nota: </strong>Como cada uno de nuestros productos se fabrica por encargo, puede haber una variación de aproximadamente el 20 % en el color, el patrón, el acabado y las costuras en comparación con las fotos de ejemplo. Sin embargo, garantizamos que el diseño principal se mantenga conforme a lo presentado.<br></p>",Emma Frankfurt,,,Mantelería,true,Tamaño,S (36 cm x 122 cm),,,,,,,,DHOD1-BZ523002,0.0,,0,continue,manual,39.95,134.95,true,true,,,,,,https://cdn.shopify.com/s/files/1/1059/9569/8513/files/1_c1dfb1ef-f29f-425d-a026-c79056476601.webp?v=1787062406,1,,false,,,,,,,,,,,,,,,,,,,,kg,,,active
camino-de-mesa-acolchado-luz-de-belen,,,,,,,,,M (36 cm × 183 cm),,,,,,,,DHOD1-BZ523003,0.0,,0,continue,manual,44.95,149.95,true,true,,,,,,https://cdn.shopify.com/s/files/1/1059/9569/8513/files/BethlehemStarlightQuiltedTableRunnerNCU0NT1424_1.webp?v=1787062406,2,,,,,,,,,,,,,,,,,,,,,,kg,,,
camino-de-mesa-acolchado-luz-de-belen,,,,,,,,,L (36 cm × 275 cm),,,,,,,,,0.0,,0,continue,manual,49.95,164.95,true,true,,,,,,https://cdn.shopify.com/s/files/1/1059/9569/8513/files/BethlehemStarlightQuiltedTableRunnerNCU0NT1424_2.webp?v=1787062405,3,,,,,,,,,,,,,,,,,,,,,,kg,,,
camino-de-mesa-acolchado-luz-de-belen,,,,,,,,,,,,,,,,,,,,,,,,,,,,,,,,https://cdn.shopify.com/s/files/1/1059/9569/8513/files/BethlehemStarlightQuiltedTableRunnerNCU0NT1424_3.webp?v=1787062405,4,,,,,,,,,,,,,,,,,,,,,,,,,
camino-de-mesa-acolchado-luz-de-belen,,,,,,,,,,,,,,,,,,,,,,,,,,,,,,,,https://cdn.shopify.com/s/files/1/1059/9569/8513/files/BethlehemStarlightQuiltedTableRunnerNCU0NT1424_4.webp?v=1787062405,5,,,,,,,,,,,,,,,,,,,,,,,,,
camino-de-mesa-acolchado-espiritu-celta,Gesteppter Tischläufer - Keltischer Geist,"<p>¡Descubre el encanto de nuestro Camino de Mesa Acolchado, diseñado para añadir un toque de elegancia y confort a tu espacio de comedor!<br></p>
<p><strong>DETALLES DEL PRODUCTO:</strong></p>
<ul>
<li>
<strong>Material de Alta Calidad:</strong> Nuestras mantas están fabricadas con una mezcla premium de algodón y poliéster de Jetiy, combinando la suavidad y transpirabilidad del algodón con la durabilidad y facilidad de mantenimiento del poliéster.<br>
</li>
<li>
<strong>Variedad de Tamaños:</strong> Para satisfacer tus necesidades específicas, nuestro camino de mesa está disponible en tres tamaños prácticos:<br>
</li>
</ul>
<p><strong>S: 36 cm x 122 cm</strong> - Perfecto para pequeñas reuniones.<br><strong>M: 36 cm × 183 cm</strong> - Ideal para mesas de tamaño estándar.<br><strong>L: 36 cm × 275 cm</strong> - Adecuado para banquetes lujosos y mesas largas.<br></p>
<ul>
<li>
<strong>Diseños Diversos:</strong> Descubre nuestra amplia gama de diseños deslumbrantes, cada uno creado para realzar la atmósfera de tus comidas con su encanto único.<br>
</li>
<li>
<strong>Mantenimiento Fácil:</strong> ¡La vida ya es complicada! Por eso, nuestro camino de mesa es lavable a máquina y apto para secado en tambor, simplificando tu rutina de limpieza.<br>
</li>
</ul>
<p>Todos los productos se fabrican por encargo e imprimen según los mejores estándares disponibles. ¡Eleva la decoración de tu mesa con nuestro encantador Camino de Mesa Acolchado, donde estilo y practicidad se encuentran!<br></p>
<p><strong>Nota:</strong> Dado que cada uno de nuestros productos se fabrica por encargo, puede haber una variación de aproximadamente el 20% en el color, el patrón, el acabado y las costuras en comparación con las fotos de ejemplo. Sin embargo, garantizamos que el diseño principal se mantenga conforme a lo presentado.<br></p>",Emma Frankfurt,,,Mantelería,true,Tamaño,S (36 cm x 122 cm),,,,,,,,DHOD1-BZ523002,0.0,,0,continue,manual,39.95,134.95,true,true,,,,,,https://cdn.shopify.com/s/files/1/1059/9569/8513/files/Celtic-Spirit-Tree-Quilted-Table-Runner-NCU0TH454_30c8d058-3e2b-43f7-810c-704e2056b680.webp?v=1787062409,1,,false,,,,,,,,,,,,,,,,,,,,kg,,,active
camino-de-mesa-acolchado-espiritu-celta,,,,,,,,,M (36 cm × 183 cm),,,,,,,,DHOD1-BZ523003,0.0,,0,continue,manual,44.95,149.95,true,true,,,,,,,,,,,,,,,,,,,,,,,,,,,,,kg,,,
camino-de-mesa-acolchado-espiritu-celta,,,,,,,,,L (36 cm × 275 cm),,,,,,,,,0.0,,0,continue,manual,49.95,164.95,true,true,,,,,,,,,,,,,,,,,,,,,,,,,,,,,kg,,,
camino-de-mesa-acolchado-esplendor-artico,Gesteppter Tischläufer - Arktische Pracht,"<p>¡Descubre el encanto de nuestro Camino de Mesa Acolchado, diseñado para añadir un toque de elegancia y confort a tu espacio de comedor!<br></p>  
<p><strong>DETALLES DEL PRODUCTO:</strong></p>  
<ul>  
<li>  
<strong>Material de Alta Calidad:</strong> Nuestras mantas están fabricadas con una mezcla premium de algodón y poliéster de Jetiy, combinando la suavidad y transpirabilidad del algodón con la durabilidad y facilidad de mantenimiento del poliéster.<br>  
</li>  
<li>  
<strong>Variedad de Tamaños:</strong> Para satisfacer tus necesidades específicas, nuestro camino de mesa está disponible en tres tamaños prácticos:<br>  
</li>  
</ul>  
<p><strong>S: 36 cm x 122 cm </strong>- Perfecto para pequeñas reuniones.<br><strong>M: 36 cm × 183 cm</strong> - Ideal para mesas de tamaño estándar.<br><strong>L: 36 cm × 275 cm </strong>- Adecuado para banquetes lujosos y mesas largas.<br></p>  
<ul>  
<li>  
<strong>Diseños Variados:</strong> Descubre nuestra amplia gama de diseños deslumbrantes, cada uno creado para realzar la atmósfera de tus comidas con su encanto único.<br>  
</li>  
<li>  
<strong>Mantenimiento Fácil:</strong> ¡La vida ya es complicada! Por eso, nuestro camino de mesa es lavable a máquina y apto para secadora, simplificando tu rutina de limpieza.<br>  
</li>  
</ul>  
<p>Todos los productos se fabrican por encargo e impresos según los mejores estándares disponibles. ¡Eleva la decoración de tu mesa con nuestro encantador Camino de Mesa Acolchado, donde el estilo y la practicidad se encuentran!<br></p>  
<p><strong>Nota:</strong> Dado que cada uno de nuestros productos se fabrica por encargo, puede haber una variación de aproximadamente el 20% en el color, patrón, acabado y costuras en comparación con las fotos de ejemplo. Sin embargo, garantizamos que el diseño principal se mantendrá fiel a lo presentado.<br></p>",Emma Frankfurt,,,Mantelería,true,Tamaño,S (36 cm x 122 cm),,,,,,,,DHOD1-BZ523002,0.0,,0,continue,manual,39.95,134.95,true,true,,,,,,https://cdn.shopify.com/s/files/1/1059/9569/8513/files/30_9aa2488d-0581-4ad6-ad3f-e830ff2d0ea5.webp?v=1787062405,1,,false,,,,,,,,,,,,,,,,,,,,kg,,,active
camino-de-mesa-acolchado-esplendor-artico,,,,,,,,,M (36 cm × 183 cm),,,,,,,,DHOD1-BZ523003,0.0,,0,continue,manual,44.95,149.95,true,true,,,,,,https://cdn.shopify.com/s/files/1/1059/9569/8513/files/ArcticGlowQuiltedTableRunnerNCU0NT634_1.webp?v=1787062405,2,,,,,,,,,,,,,,,,,,,,,,kg,,,
camino-de-mesa-acolchado-esplendor-artico,,,,,,,,,L (36 cm × 275 cm),,,,,,,,,0.0,,0,continue,manual,49.95,164.95,true,true,,,,,,https://cdn.shopify.com/s/files/1/1059/9569/8513/files/ArcticGlowQuiltedTableRunnerNCU0NT634_2.webp?v=1787062404,3,,,,,,,,,,,,,,,,,,,,,,kg,,,
camino-de-mesa-acolchado-esplendor-artico,,,,,,,,,,,,,,,,,,,,,,,,,,,,,,,,https://cdn.shopify.com/s/files/1/1059/9569/8513/files/ArcticGlowQuiltedTableRunnerNCU0NT634_3.webp?v=1787062404,4,,,,,,,,,,,,,,,,,,,,,,,,,
camino-de-mesa-acolchado-esplendor-artico,,,,,,,,,,,,,,,,,,,,,,,,,,,,,,,,https://cdn.shopify.com/s/files/1/1059/9569/8513/files/ArcticGlowQuiltedTableRunnerNCU0NT634_4.webp?v=1787062405,5,,,,,,,,,,,,,,,,,,,,,,,,,
camino-de-mesa-acolchado-desfile-de-gallos,Gesteppter Tischläufer - Hahnenparade,"<p>¡Descubre el encanto de nuestro Camino de Mesa Acolchado, diseñado para añadir un toque de elegancia y confort a tu espacio de comedor!<br></p>  
<p><strong>DETALLES DEL PRODUCTO:</strong></p>  
<ul>  
<li>  
<strong>Material de Alta Calidad:</strong> Nuestras colchas están fabricadas con una mezcla premium de algodón y poliéster de Jetiy, combinando la suavidad y transpirabilidad del algodón con la durabilidad y facilidad de mantenimiento del poliéster.<br>  
</li>  
<li>  
<strong>Variedad de Tamaños:</strong> Para satisfacer tus necesidades específicas, nuestro camino de mesa está disponible en tres tamaños prácticos:<br>  
</li>  
</ul>  
<p><strong>S: 36 cm x 122 cm</strong> - Perfecto para pequeñas reuniones.<br><strong>M: 36 cm × 183 cm</strong> - Ideal para mesas de tamaño estándar.<br><strong>L: 36 cm × 275 cm</strong> - Adecuado para banquetes lujosos y mesas largas.<br></p>  
<ul>  
<li>  
<strong>Diseños Diversos:</strong> Descubre nuestra amplia gama de diseños deslumbrantes, cada uno creado para realzar la atmósfera de tus comidas con su encanto único.<br>  
</li>  
<li>  
<strong>Mantenimiento Fácil:</strong> ¡La vida ya es complicada! Por eso, nuestro camino de mesa es lavable a máquina y apto para secado en tambor, simplificando tu rutina de limpieza.<br>  
</li>  
</ul>  
<p>Todos los productos se fabrican bajo pedido e impresos con los mejores estándares disponibles. ¡Eleva la decoración de tu mesa con nuestro encantador Camino de Mesa Acolchado, donde el estilo y la practicidad se encuentran!<br></p>  
<p><strong>Nota:</strong> Dado que cada uno de nuestros productos se fabrica bajo pedido, puede haber una variación de aproximadamente el 20% en el color, patrón, acabado y costuras en comparación con las fotos de ejemplo. Sin embargo, garantizamos que el diseño principal se mantenga conforme a lo presentado.<br></p>",Emma Frankfurt,,,Mantelería,true,Tamaño,S (36 cm x 122 cm),,,,,,,,DHOD1-BZ523002,0.0,,0,continue,manual,39.95,134.95,true,true,,,,,,https://cdn.shopify.com/s/files/1/1059/9569/8513/files/RoosterParadeQuiltedTableRunnerNCU0TH595_3b270d6f-f644-45d9-8359-1e9bfac1b8b2.webp?v=1787062404,1,,false,,,,,,,,,,,,,,,,,,,,kg,,,active
camino-de-mesa-acolchado-desfile-de-gallos,,,,,,,,,M (36 cm × 183 cm),,,,,,,,DHOD1-BZ523003,0.0,,0,continue,manual,44.95,149.95,true,true,,,,,,https://cdn.shopify.com/s/files/1/1059/9569/8513/files/2_75558813-eedd-4f59-b6ed-3b1810b1244a.webp?v=1787062404,2,,,,,,,,,,,,,,,,,,,,,,kg,,,
camino-de-mesa-acolchado-desfile-de-gallos,,,,,,,,,L (36 cm × 275 cm),,,,,,,,,0.0,,0,continue,manual,49.95,164.95,true,true,,,,,,,,,,,,,,,,,,,,,,,,,,,,,kg,,,
camino-de-mesa-acolchado-alas-escarlatas,Gesteppter Tischläufer - Scharlachrote Flügel,"<p>¡Descubre el encanto de nuestro Camino de Mesa Acolchado, diseñado para añadir un toque de elegancia y confort a tu comedor!<br></p>
<p><strong>DETALLES DEL PRODUCTO:</strong></p>
<ul>
<li>
<strong>Material de Alta Calidad:</strong> Nuestras mantas están fabricadas con una mezcla premium de algodón y poliéster de Jetiy, combinando la suavidad y transpirabilidad del algodón con la durabilidad y facilidad de mantenimiento del poliéster.<br>
</li>
<li>
<strong>Variedad de Tamaños:</strong> Para satisfacer tus necesidades específicas, nuestro camino de mesa está disponible en tres tamaños prácticos:<br>
</li>
</ul>
<p><strong>S: 36 cm x 122 cm </strong>- Perfecto para pequeñas reuniones.<br><strong>M: 36 cm × 183 cm</strong> - Ideal para mesas de tamaño estándar.<br><strong>L: 36 cm × 275 cm </strong>- Adecuado para banquetes lujosos y mesas largas.<br></p>
<ul>
<li>
<strong>Diseños Diversos:</strong> Descubre nuestra amplia gama de diseños deslumbrantes, cada uno creado para realzar la atmósfera de tus comidas con su encanto único.<br>
</li>
<li>
<strong>Mantenimiento Fácil:</strong> ¡La vida ya es complicada! Por eso, nuestro camino de mesa es lavable a máquina y apto para secado en tambor, simplificando tu rutina de limpieza.<br>
</li>
</ul>
<p>Todos los productos se fabrican por encargo e impresos con los mejores estándares disponibles. ¡Eleva la decoración de tu mesa con nuestro encantador Camino de Mesa Acolchado, donde estilo y practicidad se encuentran!<br></p>
<p><strong>Nota:</strong> Como cada uno de nuestros productos se fabrica por encargo, puede haber una variación de aproximadamente el 20% en el color, patrón, acabado y costuras en comparación con las fotos de ejemplo. Sin embargo, garantizamos que el diseño principal se mantenga fiel a lo presentado.<br></p>",Emma Frankfurt,,,Mantelería,true,Tamaño,S (36 cm x 122 cm),,,,,,,,DHOD1-BZ523002,0.0,,0,continue,manual,39.95,134.95,true,true,,,,,,https://cdn.shopify.com/s/files/1/1059/9569/8513/files/Crimson-Wings-Quilted-Table-Runner-NCU0TH1915.webp?v=1787062404,1,,false,,,,,,,,,,,,,,,,,,,,kg,,,active
camino-de-mesa-acolchado-alas-escarlatas,,,,,,,,,M (36 cm × 183 cm),,,,,,,,DHOD1-BZ523003,0.0,,0,continue,manual,44.95,149.95,true,true,,,,,,,,,,,,,,,,,,,,,,,,,,,,,kg,,,
camino-de-mesa-acolchado-alas-escarlatas,,,,,,,,,L (36 cm × 275 cm),,,,,,,,,0.0,,0,continue,manual,49.95,164.95,true,true,,,,,,,,,,,,,,,,,,,,,,,,,,,,,kg,,,
camino-de-mesa-acolchado-caballo-al-galope,Gesteppter Tischläufer - Galoppierendes Pferd,"<p>¡Descubre el encanto de nuestro Camino de Mesa Acolchado, diseñado para añadir un toque de elegancia y confort a tu espacio de comedor!<br></p>  
<p><strong>DETALLES DEL PRODUCTO:</strong></p>  
<ul>  
<li>  
<strong>Material de Alta Calidad:</strong> Nuestras mantas están fabricadas con una mezcla premium de algodón y poliéster de Jetiy, combinando la suavidad y transpirabilidad del algodón con la durabilidad y facilidad de cuidado del poliéster.<br>  
</li>  
<li>  
<strong>Variedad de Tamaños:</strong> Para satisfacer tus necesidades específicas, nuestro camino de mesa está disponible en tres tamaños prácticos:<br>  
</li>  
</ul>  
<p><strong>S: 36 cm x 122 cm </strong>- Perfecto para pequeñas reuniones.<br><strong>M: 36 cm × 183 cm</strong> - Ideal para mesas de tamaño estándar.<br><strong>L: 36 cm × 275 cm </strong>- Adecuado para banquetes lujosos y mesas largas.<br></p>  
<ul>  
<li>  
<strong>Diseños Diversos:</strong> Descubre nuestra amplia gama de diseños deslumbrantes, cada uno creado para realzar la atmósfera de tus comidas con su encanto único.<br>  
</li>  
<li>  
<strong>Cuidado Fácil:</strong> ¡La vida ya es complicada! Por eso, nuestro camino de mesa es lavable a máquina y apto para secadora, simplificando tu rutina de limpieza.<br>  
</li>  
</ul>  
<p>Todos los productos se fabrican bajo pedido e imprimen según los mejores estándares disponibles. ¡Eleva la decoración de tu mesa con nuestro encantador Camino de Mesa Acolchado, donde el estilo y la practicidad se encuentran!<br></p>  
<p><strong>Nota:</strong> Como cada uno de nuestros productos se fabrica bajo pedido, puede haber una variación de aproximadamente el 20 % en el color, patrón, acabado y costuras en comparación con las fotos de ejemplo. Sin embargo, garantizamos que el diseño principal se mantenga conforme a lo presentado.<br></p>",Emma Frankfurt,,,Mantelería,true,Tamaño,S (36 cm x 122 cm),,,,,,,,DHOD1-BZ523002,0.0,,0,continue,manual,39.95,134.95,true,true,,,,,,https://cdn.shopify.com/s/files/1/1059/9569/8513/files/Dynamic-Horse-Design-Quilted-Table-Runner-NCU0PD219.webp?v=1787062404,1,,false,,,,,,,,,,,,,,,,,,,,kg,,,active
camino-de-mesa-acolchado-caballo-al-galope,,,,,,,,,M (36 cm × 183 cm),,,,,,,,DHOD1-BZ523003,0.0,,0,continue,manual,44.95,149.95,true,true,,,,,,,,,,,,,,,,,,,,,,,,,,,,,kg,,,
camino-de-mesa-acolchado-caballo-al-galope,,,,,,,,,L (36 cm × 275 cm),,,,,,,,,0.0,,0,continue,manual,49.95,164.95,true,true,,,,,,,,,,,,,,,,,,,,,,,,,,,,,kg,,,
camino-de-mesa-acolchado-gracia-en-flores,Gesteppter Tischläufer - Blütenanmut,"<p>¡Descubre el encanto de nuestro Camino de Mesa Acolchado, diseñado para añadir un toque de elegancia y confort a tu espacio de comidas!<br></p>
<p><strong>DETALLES DEL PRODUCTO:</strong></p>
<ul>
<li>
<strong>Material de Alta Calidad:</strong> Nuestros edredones están fabricados con una mezcla premium de algodón y poliéster de Jetiy, combinando la suavidad y transpirabilidad del algodón con la durabilidad y facilidad de mantenimiento del poliéster.<br>
</li>
<li>
<strong>Variedad de Tamaños:</strong> Para satisfacer tus necesidades específicas, nuestro camino de mesa está disponible en tres tamaños prácticos:<br>
</li>
</ul>
<p><strong>S: 36 cm x 122 cm </strong>- Perfecto para pequeñas reuniones.<br><strong>M: 36 cm × 183 cm</strong> - Ideal para mesas de tamaño estándar.<br><strong>L: 36 cm × 275 cm </strong>- Adecuado para banquetes lujosos y mesas largas.<br></p>
<ul>
<li>
<strong>Diseños Diversos: </strong>Descubre nuestra amplia gama de diseños deslumbrantes, cada uno creado para realzar la atmósfera de tus comidas con su encanto único.<br>
</li>
<li>
<strong>Mantenimiento Fácil: </strong>¡La vida ya es complicada! Por eso, nuestro camino de mesa es lavable a máquina y apto para secadora, simplificando tu rutina de limpieza.<br>
</li>
</ul>
<p>Todos los productos se fabrican por encargo e impresos según los mejores estándares disponibles. ¡Eleva la decoración de tu mesa con nuestro encantador Camino de Mesa Acolchado, donde el estilo y la practicidad se encuentran!<br></p>
<p><strong>Nota: </strong>Como cada uno de nuestros productos se fabrica por encargo, puede haber una variación de aproximadamente el 20 % en el color, el patrón, el acabado y las costuras en comparación con las fotos de ejemplo. Sin embargo, garantizamos que el diseño principal se mantenga conforme a lo presentado.<br></p>",Emma Frankfurt,,,Mantelería,true,Tamaño,S (36 cm x 122 cm),,,,,,,,DHOD1-BZ523002,0.0,,0,continue,manual,39.95,134.95,true,true,,,,,,https://cdn.shopify.com/s/files/1/1059/9569/8513/files/Bloom_Grace_Quilted_Table_Runner_NCU0VH2460_542e5e76-52b6-4a92-b53d-05cada11a6a7.webp?v=1787062405,1,,false,,,,,,,,,,,,,,,,,,,,kg,,,active
camino-de-mesa-acolchado-gracia-en-flores,,,,,,,,,M (36 cm × 183 cm),,,,,,,,DHOD1-BZ523003,0.0,,0,continue,manual,44.95,149.95,true,true,,,,,,,,,,,,,,,,,,,,,,,,,,,,,kg,,,
camino-de-mesa-acolchado-gracia-en-flores,,,,,,,,,L (36 cm × 275 cm),,,,,,,,,0.0,,0,continue,manual,49.95,164.95,true,true,,,,,,,,,,,,,,,,,,,,,,,,,,,,,kg,,,
camino-de-mesa-acolchado-marcha-de-los-elefantes,Gesteppter Tischläufer - Elefantenmarsch,"<p>¡Descubre el encanto de nuestro Camino de Mesa Acolchado, diseñado para añadir un toque de elegancia y confort a tu espacio de comidas!<br></p>
<p><strong>Detalles del Producto:</strong></p>
<ul>
<li>
<strong>Material de Alta Calidad:</strong> Nuestras mantas están fabricadas con una mezcla premium de algodón y poliéster de Jetiy, combinando la suavidad y transpirabilidad del algodón con la durabilidad y facilidad de mantenimiento del poliéster.<br>
</li>
<li>
<strong>Variedad de Tamaños:</strong> Para satisfacer tus necesidades específicas, nuestro camino de mesa está disponible en tres tamaños prácticos:<br>
</li>
</ul>
<p><strong>S: 36 cm x 122 cm </strong>- Perfecto para pequeñas reuniones.<br><strong>M: 36 cm × 183 cm</strong> - Ideal para mesas de tamaño estándar.<br><strong>L: 36 cm × 275 cm </strong>- Adecuado para banquetes lujosos y mesas largas.<br></p>
<ul>
<li>
<strong>Diseños Diversos:</strong> Descubre nuestra amplia gama de diseños impresionantes, cada uno creado para realzar la atmósfera de tus comidas con su encanto único.<br>
</li>
<li>
<strong>Mantenimiento Fácil:</strong> ¡La vida ya es complicada! Por eso, nuestro camino de mesa es lavable a máquina y apto para secadora, simplificando tu rutina de limpieza.<br>
</li>
</ul>
<p>Todos los productos se fabrican por encargo e impresos con los mejores estándares disponibles. ¡Eleva la decoración de tu mesa con nuestro encantador Camino de Mesa Acolchado, donde el estilo y la practicidad se encuentran!<br></p>
<p><strong>Nota:</strong> Como cada uno de nuestros productos se fabrica por encargo, puede haber una variación de aproximadamente el 20% en el color, el patrón, el acabado y las costuras en comparación con las fotos de ejemplo. Sin embargo, garantizamos que el diseño principal se mantenga conforme a lo presentado.<br></p>",Emma Frankfurt,,,Mantelería,true,Tamaño,S (36 cm x 122 cm),,,,,,,,DHOD1-BZ523002,0.0,,0,continue,manual,39.95,134.95,true,true,,,,,,https://cdn.shopify.com/s/files/1/1059/9569/8513/files/RegalElephantJourneyQuiltedTableRunnerNCU0TH832_51ae2844-887f-4512-bd90-b762c98fe87c.webp?v=1787062404,1,,false,,,,,,,,,,,,,,,,,,,,kg,,,active
camino-de-mesa-acolchado-marcha-de-los-elefantes,,,,,,,,,M (36 cm × 183 cm),,,,,,,,DHOD1-BZ523003,0.0,,0,continue,manual,44.95,149.95,true,true,,,,,,,,,,,,,,,,,,,,,,,,,,,,,kg,,,
camino-de-mesa-acolchado-marcha-de-los-elefantes,,,,,,,,,L (36 cm × 275 cm),,,,,,,,,0.0,,0,continue,manual,49.95,164.95,true,true,,,,,,,,,,,,,,,,,,,,,,,,,,,,,kg,,,
camino-de-mesa-acolchado-mascaras-de-carnaval,Gesteppter Tischläufer - Karnevalsmasken,"<p>¡Descubre el encanto de nuestro Camino de Mesa Acolchado, diseñado para añadir un toque de elegancia y confort a tu espacio de comidas!<br></p>  
<p><strong>DETALLES DEL PRODUCTO:</strong></p>  
<ul>  
<li>  
<strong>Material de Alta Calidad:</strong> Nuestras mantas están fabricadas con una mezcla premium de algodón y poliéster de Jetiy, combinando la suavidad y transpirabilidad del algodón con la durabilidad y facilidad de mantenimiento del poliéster.<br>  
</li>  
<li>  
<strong>Variedad de Tamaños:</strong> Para satisfacer tus necesidades específicas, nuestro camino de mesa está disponible en tres tamaños prácticos:<br>  
</li>  
</ul>  
<p><strong>S: 36 cm x 122 cm </strong>- Perfecto para pequeñas reuniones.<br><strong>M: 36 cm × 183 cm</strong> - Ideal para mesas de tamaño estándar.<br><strong>L: 36 cm × 275 cm </strong>- Adecuado para banquetes lujosos y mesas largas.<br></p>  
<ul>  
<li>  
<strong>Diseños Diversos:</strong> Descubre nuestra amplia gama de diseños deslumbrantes, cada uno creado para realzar la atmósfera de tus comidas con su encanto único.<br>  
</li>  
<li>  
<strong>Mantenimiento Fácil:</strong> ¡La vida ya es complicada! Por eso, nuestro camino de mesa es lavable a máquina y apto para secado en tambor, simplificando tu rutina de limpieza.<br>  
</li>  
</ul>  
<p>Todos los productos se fabrican bajo pedido e impresos con los mejores estándares disponibles. ¡Eleva la decoración de tu mesa con nuestro encantador Camino de Mesa Acolchado, donde el estilo y la practicidad se encuentran!<br></p>  
<p><strong>Nota:</strong> Dado que cada uno de nuestros productos se fabrica bajo pedido, puede haber una variación de aproximadamente el 20% en el color, el patrón, el acabado y las costuras en comparación con las fotos de ejemplo. Sin embargo, garantizamos que el diseño principal se mantenga conforme a lo presentado.<br></p>",Emma Frankfurt,,,Mantelería,true,Tamaño,S (36 cm x 122 cm),,,,,,,,DHOD1-BZ523002,0.0,,0,continue,manual,39.95,134.95,true,true,,,,,,https://cdn.shopify.com/s/files/1/1059/9569/8513/files/Festival_Fleur_Quilted_Table_Runner_NCU0DK4011_eff8e270-f039-4de6-9225-7b131f17c335.webp?v=1787062403,1,,false,,,,,,,,,,,,,,,,,,,,kg,,,active
camino-de-mesa-acolchado-mascaras-de-carnaval,,,,,,,,,M (36 cm × 183 cm),,,,,,,,DHOD1-BZ523003,0.0,,0,continue,manual,44.95,149.95,true,true,,,,,,,,,,,,,,,,,,,,,,,,,,,,,kg,,,
camino-de-mesa-acolchado-mascaras-de-carnaval,,,,,,,,,L (36 cm × 275 cm),,,,,,,,,0.0,,0,continue,manual,49.95,164.95,true,true,,,,,,,,,,,,,,,,,,,,,,,,,,,,,kg,,,
camino-de-mesa-acolchado-cascada-de-corazones,Gesteppter Tischläufer - Herzenkaskade,"<p>¡Descubra el encanto de nuestro Camino de Mesa Acolchado, diseñado para agregar un toque de elegancia y confort a su espacio de comedor!<br></p>
<p><strong>DETALLES DEL PRODUCTO:</strong></p>
<ul>
<li>
<strong>Material de Alta Calidad:</strong> Nuestras colchas están fabricadas con una mezcla premium de algodón y poliéster de Jetiy, combinando la suavidad y transpirabilidad del algodón con la durabilidad y facilidad de mantenimiento del poliéster.<br>
</li>
<li>
<strong>Variedad de Tamaños:</strong> Para satisfacer sus necesidades específicas, nuestro camino de mesa está disponible en tres tamaños prácticos:<br>
</li>
</ul>
<p><strong>S: 36 cm x 122 cm </strong>- Perfecto para pequeñas reuniones.<br><strong>M: 36 cm × 183 cm</strong> - Ideal para mesas de tamaño estándar.<br><strong>L: 36 cm × 275 cm </strong>- Adecuado para banquetes lujosos y mesas largas.<br></p>
<ul>
<li>
<strong>Diseños Variados:</strong> Descubra nuestra amplia gama de diseños impresionantes, cada uno creado para realzar la atmósfera de sus comidas con su encanto único.<br>
</li>
<li>
<strong>Mantenimiento Fácil:</strong> ¡La vida ya es complicada! Es por eso que nuestro camino de mesa es lavable a máquina y apto para secadora, simplificando su rutina de limpieza.<br>
</li>
</ul>
<p>Todos los productos se fabrican por encargo e impresos con los mejores estándares disponibles. ¡Eleve la decoración de su mesa con nuestro encantador Camino de Mesa Acolchado, donde el estilo y la practicidad se encuentran!<br></p>
<p><strong>Nota:</strong> Dado que cada uno de nuestros productos se fabrica por encargo, puede haber una variación de aproximadamente el 20 % en el color, patrón, acabado y costuras en comparación con las fotos de ejemplo. Sin embargo, garantizamos que el diseño principal se mantenga conforme a lo presentado.<br></p>",Emma Frankfurt,,,Mantelería,true,Tamaño,S (36 cm x 122 cm),,,,,,,,DHOD1-BZ523002,0.0,,0,continue,manual,39.95,134.95,true,true,,,,,,https://cdn.shopify.com/s/files/1/1059/9569/8513/files/LovingLayersQuiltedTableRunnerNCU0DV2735.webp?v=1787062403,1,,false,,,,,,,,,,,,,,,,,,,,kg,,,active
camino-de-mesa-acolchado-cascada-de-corazones,,,,,,,,,M (36 cm × 183 cm),,,,,,,,DHOD1-BZ523003,0.0,,0,continue,manual,44.95,149.95,true,true,,,,,,,,,,,,,,,,,,,,,,,,,,,,,kg,,,
camino-de-mesa-acolchado-cascada-de-corazones,,,,,,,,,L (36 cm × 275 cm),,,,,,,,,0.0,,0,continue,manual,49.95,164.95,true,true,,,,,,,,,,,,,,,,,,,,,,,,,,,,,kg,,,
camino-de-mesa-acolchado-corazones-en-flor,Gesteppter Tischläufer - Herzen in Blüte,"<p>¡Descubre el encanto de nuestro Camino de Mesa Acolchado, diseñado para añadir un toque de elegancia y confort a tu espacio de comedor!<br></p>  
<p><strong>DETALLES DEL PRODUCTO:</strong></p>  
<ul>  
<li>  
<strong>Material de Alta Calidad:</strong> Nuestras mantas están fabricadas con una mezcla premium de algodón y poliéster de Jetiy, combinando la suavidad y transpirabilidad del algodón con la durabilidad y facilidad de mantenimiento del poliéster.<br>  
</li>  
<li>  
<strong>Variedad de Tamaños:</strong> Para satisfacer tus necesidades específicas, nuestro camino de mesa está disponible en tres tamaños prácticos:<br>  
</li>  
</ul>  
<p><strong>S: 36 cm x 122 cm </strong>- Perfecto para pequeñas reuniones.<br><strong>M: 36 cm × 183 cm</strong> - Ideal para mesas de tamaño estándar.<br><strong>L: 36 cm × 275 cm </strong>- Adecuado para banquetes lujosos y mesas largas.<br></p>  
<ul>  
<li>  
<strong>Diseños Variados:</strong> Descubre nuestra amplia gama de diseños impresionantes, cada uno creado para realzar la atmósfera de tus comidas con su encanto único.<br>  
</li>  
<li>  
<strong>Mantenimiento Fácil:</strong> ¡La vida ya es complicada! Por eso, nuestro camino de mesa es lavable a máquina y apto para secado en tambor, simplificando tu rutina de limpieza.<br>  
</li>  
</ul>  
<p>Todos los productos se fabrican por encargo e imprimen con los mejores estándares disponibles. ¡Eleva la decoración de tu mesa con nuestro encantador Camino de Mesa Acolchado, donde estilo y practicidad se encuentran!<br></p>  
<p><strong>Nota:</strong> Como cada uno de nuestros productos se fabrica por encargo, puede haber una variación de aproximadamente el 20% en el color, patrón, acabado y costuras en comparación con las fotos de ejemplo. Sin embargo, garantizamos que el diseño principal se mantendrá conforme a lo presentado.<br></p>",Emma Frankfurt,,,Mantelería,true,Tamaño,S (36 cm x 122 cm),,,,,,,,DHOD1-BZ523002,0.0,,0,continue,manual,39.95,134.95,true,true,,,,,,https://cdn.shopify.com/s/files/1/1059/9569/8513/files/BloomingHeartsQuiltedTableRunnerNCU0DV2731_c707c359-3237-4572-a684-48c9ff93a43d.webp?v=1787062404,1,,false,,,,,,,,,,,,,,,,,,,,kg,,,active
camino-de-mesa-acolchado-corazones-en-flor,,,,,,,,,M (36 cm × 183 cm),,,,,,,,DHOD1-BZ523003,0.0,,0,continue,manual,44.95,149.95,true,true,,,,,,,,,,,,,,,,,,,,,,,,,,,,,kg,,,
camino-de-mesa-acolchado-corazones-en-flor,,,,,,,,,L (36 cm × 275 cm),,,,,,,,,0.0,,0,continue,manual,49.95,164.95,true,true,,,,,,,,,,,,,,,,,,,,,,,,,,,,,kg,,,
camino-de-mesa-acolchado-arbol-celta,Gesteppter Tischläufer - Keltischer Baum,"<p>¡Descubre el encanto de nuestro Camino de Mesa Acolchado, diseñado para añadir un toque de elegancia y confort a tu espacio de comedor!<br></p>
<p><strong>DETALLES DEL PRODUCTO:</strong></p>
<ul>
<li>
<strong>Material de Alta Calidad:</strong> Nuestros edredones están fabricados con una mezcla premium de algodón y poliéster de Jetiy, combinando la suavidad y transpirabilidad del algodón con la durabilidad y facilidad de mantenimiento del poliéster.<br>
</li>
<li>
<strong>Variedad de Tamaños:</strong> Para satisfacer tus necesidades específicas, nuestro camino de mesa está disponible en tres tamaños prácticos:<br>
</li>
</ul>
<p><strong>S: 36 cm x 122 cm </strong>- Perfecto para pequeñas reuniones.<br><strong>M: 36 cm × 183 cm</strong> - Ideal para mesas de tamaño estándar.<br><strong>L: 36 cm × 275 cm </strong>- Adecuado para banquetes lujosos y mesas largas.<br></p>
<ul>
<li>
<strong>Diseños Diversos:</strong> Descubre nuestra amplia gama de diseños deslumbrantes, cada uno creado para realzar la atmósfera de tus comidas con su encanto único.<br>
</li>
<li>
<strong>Mantenimiento Fácil:</strong> ¡La vida ya es complicada! Por eso, nuestro camino de mesa es lavable a máquina y apto para secado en tambor, simplificando tu rutina de limpieza.<br>
</li>
</ul>
<p>Todos los productos se fabrican por encargo e imprimen con los mejores estándares disponibles. ¡Eleva la decoración de tu mesa con nuestro encantador Camino de Mesa Acolchado, donde el estilo y la practicidad se encuentran!<br></p>
<p><strong>Nota:</strong> Dado que cada uno de nuestros productos se fabrica por encargo, puede haber una variación de aproximadamente el 20% en el color, el patrón, el acabado y las costuras en comparación con las fotos de ejemplo. Sin embargo, garantizamos que el diseño principal se mantendrá conforme a lo presentado.<br></p>",Emma Frankfurt,,,Mantelería,true,Tamaño,S (36 cm x 122 cm),,,,,,,,DHOD1-BZ523002,0.0,,0,continue,manual,39.95,134.95,true,true,,,,,,https://cdn.shopify.com/s/files/1/1059/9569/8513/files/CelticTreeQuiltedTableRunnerNCU0NT3010.webp?v=1787062403,1,,false,,,,,,,,,,,,,,,,,,,,kg,,,active
camino-de-mesa-acolchado-arbol-celta,,,,,,,,,M (36 cm × 183 cm),,,,,,,,DHOD1-BZ523003,0.0,,0,continue,manual,44.95,149.95,true,true,,,,,,,,,,,,,,,,,,,,,,,,,,,,,kg,,,
camino-de-mesa-acolchado-arbol-celta,,,,,,,,,L (36 cm × 275 cm),,,,,,,,,0.0,,0,continue,manual,49.95,164.95,true,true,,,,,,,,,,,,,,,,,,,,,,,,,,,,,kg,,,
camino-de-mesa-acolchado-desfile-de-calabazas,Gesteppter Tischläufer - Kürbisparade,"<p>¡Descubre el encanto de nuestro Camino de Mesa Acolchado, diseñado para añadir un toque de elegancia y confort a tu espacio de comedor!<br></p>
<p><strong>DETALLES DEL PRODUCTO:</strong></p>
<ul>
<li>
<strong>Material de Alta Calidad:</strong> Nuestras mantas están fabricadas con una mezcla premium de algodón y poliéster de Jetiy, combinando la suavidad y transpirabilidad del algodón con la durabilidad y facilidad de cuidado del poliéster.<br>
</li>
<li>
<strong>Variedad de Tamaños:</strong> Para satisfacer tus necesidades específicas, nuestro camino de mesa está disponible en tres tamaños prácticos:<br>
</li>
</ul>
<p><strong>S: 36 cm x 122 cm </strong>- Perfecto para pequeñas reuniones.<br><strong>M: 36 cm × 183 cm</strong> - Ideal para mesas de tamaño estándar.<br><strong>L: 36 cm × 275 cm </strong>- Adecuado para banquetes lujosos y mesas largas.<br></p>
<ul>
<li>
<strong>Diseños Variados: </strong>Descubre nuestra amplia gama de diseños deslumbrantes, cada uno creado para realzar la atmósfera de tus comidas con su encanto único.<br>
</li>
<li>
<strong>Mantenimiento Fácil: </strong>¡La vida ya es complicada! Por eso nuestro camino de mesa es lavable a máquina y apto para secadora, simplificando tu rutina de limpieza.<br>
</li>
</ul>
<p>Todos los productos se fabrican por encargo e impresos con los mejores estándares disponibles. ¡Eleva la decoración de tu mesa con nuestro encantador Camino de Mesa Acolchado, donde el estilo y la practicidad se encuentran!<br></p>
<p><strong>Nota:</strong> Dado que cada uno de nuestros productos se fabrica por encargo, puede haber una variación de aproximadamente el 20 % en el color, el patrón, el acabado y las costuras en comparación con las fotos de ejemplo. Sin embargo, garantizamos que el diseño principal se mantenga conforme a lo presentado.<br></p>",Emma Frankfurt,,,Mantelería,true,Tamaño,S (36 cm x 122 cm),,,,,,,,DHOD1-BZ523002,0.0,,0,continue,manual,39.95,134.95,true,true,,,,,,https://cdn.shopify.com/s/files/1/1059/9569/8513/files/PumpkinParadeQuiltedTableRunnerNCU0DV7111.webp?v=1787062402,1,,false,,,,,,,,,,,,,,,,,,,,kg,,,active
camino-de-mesa-acolchado-desfile-de-calabazas,,,,,,,,,M (36 cm × 183 cm),,,,,,,,DHOD1-BZ523003,0.0,,0,continue,manual,44.95,149.95,true,true,,,,,,,,,,,,,,,,,,,,,,,,,,,,,kg,,,
camino-de-mesa-acolchado-desfile-de-calabazas,,,,,,,,,L (36 cm × 275 cm),,,,,,,,,0.0,,0,continue,manual,49.95,164.95,true,true,,,,,,,,,,,,,,,,,,,,,,,,,,,,,kg,,,
camino-de-mesa-acolchado-bosque-de-esmeralda,Gesteppter Tischläufer - Smaragdwald,"<p>¡Descubre el encanto de nuestro Camino de Mesa Acolchado, diseñado para añadir un toque de elegancia y confort a tu comedor!<br></p>  
<p><strong>DETALLES DEL PRODUCTO:</strong></p>  
<ul>  
<li>  
<strong>Material de Alta Calidad:</strong> Nuestros edredones están fabricados con una mezcla premium de algodón y poliéster de Jetiy, combinando la suavidad y transpirabilidad del algodón con la durabilidad y facilidad de mantenimiento del poliéster.<br>  
</li>  
<li>  
<strong>Variedad de Tamaños:</strong> Para satisfacer tus necesidades específicas, nuestro camino de mesa está disponible en tres tamaños prácticos:<br>  
</li>  
</ul>  
<p><strong>S: 36 cm x 122 cm </strong>- Perfecto para pequeñas reuniones.<br><strong>M: 36 cm × 183 cm</strong> - Ideal para mesas de tamaño estándar.<br><strong>L: 36 cm × 275 cm </strong>- Adecuado para banquetes lujosos y mesas largas.<br></p>  
<ul>  
<li>  
<strong>Diseños Diversos:</strong> Descubre nuestra amplia gama de diseños deslumbrantes, cada uno creado para realzar la atmósfera de tus comidas con su encanto único.<br>  
</li>  
<li>  
<strong>Mantenimiento Fácil:</strong> ¡La vida ya es complicada! Por eso, nuestro camino de mesa es lavable a máquina y apto para secadora, simplificando tu rutina de limpieza.<br>  
</li>  
</ul>  
<p>Todos los productos se fabrican por encargo e imprimen según los mejores estándares disponibles. ¡Eleva la decoración de tu mesa con nuestro encantador Camino de Mesa Acolchado, donde estilo y practicidad se encuentran!<br></p>  
<p><strong>Nota:</strong> Dado que cada uno de nuestros productos se fabrica por encargo, puede haber una variación de aproximadamente el 20 % en el color, el patrón, el acabado y las costuras en comparación con las fotos de ejemplo. Sin embargo, garantizamos que el diseño principal se mantenga conforme a lo presentado.<br></p>",Emma Frankfurt,,,Mantelería,true,Tamaño,S (36 cm x 122 cm),,,,,,,,DHOD1-BZ523002,0.0,,0,continue,manual,39.95,134.95,true,true,,,,,,https://cdn.shopify.com/s/files/1/1059/9569/8513/files/Emerald-Forest-Quilted-Table-Runner-NCU0PT3273.webp?v=1787062402,1,,false,,,,,,,,,,,,,,,,,,,,kg,,,active
camino-de-mesa-acolchado-bosque-de-esmeralda,,,,,,,,,M (36 cm × 183 cm),,,,,,,,DHOD1-BZ523003,0.0,,0,continue,manual,44.95,149.95,true,true,,,,,,,,,,,,,,,,,,,,,,,,,,,,,kg,,,
camino-de-mesa-acolchado-bosque-de-esmeralda,,,,,,,,,L (36 cm × 275 cm),,,,,,,,,0.0,,0,continue,manual,49.95,164.95,true,true,,,,,,,,,,,,,,,,,,,,,,,,,,,,,kg,,,
camino-de-mesa-acolchado-calabaza-especiada,Gesteppter Tischläufer - Gewürzkürbis,"<p>¡Descubre el encanto de nuestro Camino de Mesa Acolchado, diseñado para agregar un toque de elegancia y confort a tu comedor!<br></p>  
<p><strong>DETALLES DEL PRODUCTO:</strong></p>  
<ul>  
<li>  
<strong>Material de Alta Calidad:</strong> Nuestras colchas están fabricadas con una mezcla premium de algodón y poliéster de Jetiy, combinando la suavidad y transpirabilidad del algodón con la durabilidad y facilidad de mantenimiento del poliéster.<br>  
</li>  
<li>  
<strong>Variedad de Tamaños:</strong> Para satisfacer tus necesidades específicas, nuestro camino de mesa está disponible en tres tamaños prácticos:<br>  
</li>  
</ul>  
<p><strong>S: 36 cm x 122 cm </strong>- Perfecto para pequeñas reuniones.<br><strong>M: 36 cm × 183 cm</strong> - Ideal para mesas de tamaño estándar.<br><strong>L: 36 cm × 275 cm </strong>- Adecuado para banquetes lujosos y mesas largas.<br></p>  
<ul>  
<li>  
<strong>Diseños Diversos:</strong> Descubre nuestra amplia gama de diseños impresionantes, cada uno creado para realzar la atmósfera de tus comidas con su encanto único.<br>  
</li>  
<li>  
<strong>Mantenimiento Fácil:</strong> ¡La vida ya es complicada! Por eso, nuestro camino de mesa es lavable a máquina y apto para secadora, simplificando tu rutina de limpieza.<br>  
</li>  
</ul>  
<p>Todos los productos se fabrican por encargo e impresos según los mejores estándares disponibles. ¡Eleva la decoración de tu mesa con nuestro encantador Camino de Mesa Acolchado, donde el estilo y la practicidad se encuentran!<br></p>  
<p><strong>Nota:</strong> Dado que cada uno de nuestros productos se fabrica por encargo, puede haber una variación de aproximadamente el 20% en el color, el patrón, el acabado y las costuras en comparación con las fotos de ejemplo. Sin embargo, garantizamos que el diseño principal se mantendrá fiel a la presentación.<br></p>",Emma Frankfurt,,,Mantelería,true,Tamaño,S (36 cm x 122 cm),,,,,,,,DHOD1-BZ523002,0.0,,0,continue,manual,39.95,134.95,true,true,,,,,,https://cdn.shopify.com/s/files/1/1059/9569/8513/files/Pumpkin-Spice-Quilted-Table-Runner-NCU0TH1780.webp?v=1787062402,1,,false,,,,,,,,,,,,,,,,,,,,kg,,,active
camino-de-mesa-acolchado-calabaza-especiada,,,,,,,,,M (36 cm × 183 cm),,,,,,,,DHOD1-BZ523003,0.0,,0,continue,manual,44.95,149.95,true,true,,,,,,,,,,,,,,,,,,,,,,,,,,,,,kg,,,
camino-de-mesa-acolchado-calabaza-especiada,,,,,,,,,L (36 cm × 275 cm),,,,,,,,,0.0,,0,continue,manual,49.95,164.95,true,true,,,,,,,,,,,,,,,,,,,,,,,,,,,,,kg,,,
camino-de-mesa-acolchado-girasoles-de-otono,Gesteppter Tischläufer - Herbstsonnenblumen,"<p>¡Descubre el encanto de nuestro Camino de Mesa Acolchado, diseñado para añadir un toque de elegancia y confort a tu comedor!<br></p>  
<p><strong>DETALLES DEL PRODUCTO:</strong></p>  
<ul>  
<li>  
<strong>Material de Alta Calidad:</strong> Nuestras mantas están fabricadas con una mezcla premium de algodón y poliéster de Jetiy, combinando la suavidad y transpirabilidad del algodón con la durabilidad y facilidad de mantenimiento del poliéster.<br>  
</li>  
<li>  
<strong>Variedad de Tamaños:</strong> Para satisfacer tus necesidades específicas, nuestro camino de mesa está disponible en tres tamaños prácticos:<br>  
</li>  
</ul>  
<p><strong>S: 36 cm x 122 cm</strong> - Perfecto para pequeñas reuniones.<br><strong>M: 36 cm × 183 cm</strong> - Ideal para mesas de tamaño estándar.<br><strong>L: 36 cm × 275 cm</strong> - Adaptado para banquetes lujosos y mesas largas.<br></p>  
<ul>  
<li>  
<strong>Diseños Diversos:</strong> Descubre nuestra amplia gama de diseños deslumbrantes, cada uno creado para realzar la atmósfera de tus comidas con su encanto único.<br>  
</li>  
<li>  
<strong>Mantenimiento Fácil:</strong> ¡La vida ya es complicada! Por eso, nuestro camino de mesa es lavable a máquina y apto para secadora, simplificando tu rutina de limpieza.<br>  
</li>  
</ul>  
<p>Todos los productos se fabrican bajo pedido e impresos con los mejores estándares disponibles. ¡Eleva la decoración de tu mesa con nuestro encantador Camino de Mesa Acolchado, donde el estilo y la practicidad se encuentran!<br></p>  
<p><strong>Nota:</strong> Dado que cada uno de nuestros productos se fabrica bajo pedido, puede haber una variación de aproximadamente el 20% en el color, patrón, acabado y costuras en comparación con las fotos de ejemplo. Sin embargo, garantizamos que el diseño principal se mantenga conforme a lo presentado.<br></p>",Emma Frankfurt,,,Mantelería,true,Tamaño,S (36 cm x 122 cm),,,,,,,,DHOD1-BZ523002,0.0,,0,continue,manual,39.95,134.95,true,true,,,,,,https://cdn.shopify.com/s/files/1/1059/9569/8513/files/Autumn_Sunflower_Quilted_Table_Runner_NCU0DV507.webp?v=1787062402,1,,false,,,,,,,,,,,,,,,,,,,,kg,,,active
camino-de-mesa-acolchado-girasoles-de-otono,,,,,,,,,M (36 cm × 183 cm),,,,,,,,DHOD1-BZ523003,0.0,,0,continue,manual,44.95,149.95,true,true,,,,,,https://cdn.shopify.com/s/files/1/1059/9569/8513/files/AutumnSunflowerQuiltedBlanketNCU0DV507.webp?v=1787062401,2,,,,,,,,,,,,,,,,,,,,,,kg,,,
camino-de-mesa-acolchado-girasoles-de-otono,,,,,,,,,L (36 cm × 275 cm),,,,,,,,,0.0,,0,continue,manual,49.95,164.95,true,true,,,,,,,,,,,,,,,,,,,,,,,,,,,,,kg,,,
camino-de-mesa-acolchado-rojo-cardenal,Gesteppter Tischläufer - Kardinalrot,"<p>¡Descubre el encanto de nuestro Camino de Mesa Acolchado, diseñado para añadir un toque de elegancia y confort a tu espacio de comidas!<br></p>
<p><strong>DETALLES DEL PRODUCTO:</strong></p>
<ul>
<li>
<strong>Material de Alta Calidad:</strong> Nuestros edredones están fabricados con una mezcla premium de algodón y poliéster de Jetiy, combinando la suavidad y transpirabilidad del algodón con la durabilidad y facilidad de mantenimiento del poliéster.<br>
</li>
<li>
<strong>Variedad de Tamaños:</strong> Para satisfacer tus necesidades específicas, nuestro camino de mesa está disponible en tres tamaños prácticos:<br>
</li>
</ul>
<p><strong>S: 36 cm x 122 cm </strong>- Perfecto para pequeñas reuniones.<br><strong>M: 36 cm × 183 cm</strong> - Ideal para mesas de tamaño estándar.<br><strong>L: 36 cm × 275 cm </strong>- Adecuado para banquetes lujosos y mesas largas.<br></p>
<ul>
<li>
<strong>Diseños Variados:</strong> Descubre nuestra amplia gama de diseños impresionantes, cada uno creado para realzar la atmósfera de tus comidas con su encanto único.<br>
</li>
<li>
<strong>Mantenimiento Fácil:</strong> ¡La vida ya es complicada! Por eso, nuestro camino de mesa es lavable a máquina y apto para secadora, simplificando tu rutina de limpieza.<br>
</li>
</ul>
<p>Todos los productos se fabrican bajo pedido e impresos con los mejores estándares disponibles. ¡Eleva la decoración de tu mesa con nuestro encantador Camino de Mesa Acolchado, donde el estilo y la practicidad se encuentran!<br></p>
<p><strong>Nota:</strong> Como cada uno de nuestros productos se fabrica bajo pedido, puede haber una variación de aproximadamente el 20 % en el color, el patrón, el acabado y las costuras en comparación con las fotos de ejemplo. Sin embargo, garantizamos que el diseño principal se mantendrá conforme a lo presentado.<br></p>",Emma Frankfurt,,,Mantelería,true,Tamaño,S (36 cm x 122 cm),,,,,,,,DHOD1-BZ523002,0.0,,0,continue,manual,39.95,134.95,true,true,,,,,,https://cdn.shopify.com/s/files/1/1059/9569/8513/files/Cardinal_Waves_Quilted_Table_Runner_NCU0DV1323_e15b508a-664a-46e8-8502-dd13c5770ebd.webp?v=1787062402,1,,false,,,,,,,,,,,,,,,,,,,,kg,,,active
camino-de-mesa-acolchado-rojo-cardenal,,,,,,,,,M (36 cm × 183 cm),,,,,,,,DHOD1-BZ523003,0.0,,0,continue,manual,44.95,149.95,true,true,,,,,,,,,,,,,,,,,,,,,,,,,,,,,kg,,,
camino-de-mesa-acolchado-rojo-cardenal,,,,,,,,,L (36 cm × 275 cm),,,,,,,,,0.0,,0,continue,manual,49.95,164.95,true,true,,,,,,,,,,,,,,,,,,,,,,,,,,,,,kg,,,
camino-de-mesa-acolchado-carrera-de-pavos,Gesteppter Tischläufer - Truthahnrennen,"<p>¡Descubre el encanto de nuestro Camino de Mesa Acolchado, diseñado para añadir un toque de elegancia y confort a tu espacio de comedor!<br></p>  
<p><strong>DETALLES DEL PRODUCTO:</strong></p>  
<ul>  
<li>  
<strong>Material de Alta Calidad:</strong> Nuestras mantas están fabricadas con una mezcla premium de algodón y poliéster de Jetiy, combinando la suavidad y transpirabilidad del algodón con la durabilidad y facilidad de mantenimiento del poliéster.<br>  
</li>  
<li>  
<strong>Variedad de Tamaños:</strong> Para satisfacer tus necesidades específicas, nuestro camino de mesa está disponible en tres tamaños prácticos:<br>  
</li>  
</ul>  
<p><strong>S: 36 cm x 122 cm </strong>- Perfecto para pequeñas reuniones.<br><strong>M: 36 cm × 183 cm</strong> - Ideal para mesas de tamaño estándar.<br><strong>L: 36 cm × 275 cm </strong>- Adecuado para banquetes lujosos y mesas largas.<br></p>  
<ul>  
<li>  
<strong>Diseños Diversos:</strong> Descubre nuestra amplia gama de diseños deslumbrantes, cada uno creado para realzar la atmósfera de tus comidas con su encanto único.<br>  
</li>  
<li>  
<strong>Mantenimiento Fácil:</strong> ¡La vida ya es complicada! Por eso, nuestro camino de mesa es lavable a máquina y apto para secadora, simplificando tu rutina de limpieza.<br>  
</li>  
</ul>  
<p>Todos los productos se fabrican por encargo e imprimen según los mejores estándares disponibles. ¡Eleva la decoración de tu mesa con nuestro encantador Camino de Mesa Acolchado, donde estilo y practicidad se encuentran!<br></p>  
<p><strong>Nota:</strong> Dado que cada uno de nuestros productos se fabrica por encargo, puede haber una variación de aproximadamente el 20 % en el color, patrón, acabado y costuras en comparación con las fotos de ejemplo. Sin embargo, garantizamos que el diseño principal se mantenga conforme a lo presentado.<br></p>",Emma Frankfurt,,,Mantelería,true,Tamaño,S (36 cm x 122 cm),,,,,,,,DHOD1-BZ523002,0.0,,0,continue,manual,39.95,134.95,true,true,,,,,,https://cdn.shopify.com/s/files/1/1059/9569/8513/files/TurkeyTrotQuiltedTableRunnerNCU0PT885_82e8922d-6dec-414d-b627-86ae76f97551.webp?v=1787062401,1,,false,,,,,,,,,,,,,,,,,,,,kg,,,active
camino-de-mesa-acolchado-carrera-de-pavos,,,,,,,,,M (36 cm × 183 cm),,,,,,,,DHOD1-BZ523003,0.0,,0,continue,manual,44.95,149.95,true,true,,,,,,,,,,,,,,,,,,,,,,,,,,,,,kg,,,
camino-de-mesa-acolchado-carrera-de-pavos,,,,,,,,,L (36 cm × 275 cm),,,,,,,,,0.0,,0,continue,manual,49.95,164.95,true,true,,,,,,,,,,,,,,,,,,,,,,,,,,,,,kg,,,
camino-de-mesa-acolchado-serenata-de-lupinos,Gesteppter Tischläufer - Lupinenserenade,"<p>¡Descubre el encanto de nuestro Camino de Mesa Acolchado, diseñado para agregar un toque de elegancia y comodidad a tu espacio de comedor!<br></p>
<p><strong>DETALLES DEL PRODUCTO:</strong></p>
<ul>
<li>
<strong>Material de Alta Calidad:</strong> Nuestras colchas están fabricadas con una mezcla premium de algodón y poliéster de Jetiy, combinando la suavidad y transpirabilidad del algodón con la durabilidad y facilidad de mantenimiento del poliéster.<br>
</li>
<li>
<strong>Variedad de Tamaños:</strong> Para satisfacer tus necesidades específicas, nuestro camino de mesa está disponible en tres tamaños prácticos:<br>
</li>
</ul>
<p><strong>S: 36 cm x 122 cm </strong>- Perfecto para pequeñas reuniones.<br><strong>M: 36 cm × 183 cm</strong> - Ideal para mesas de tamaño estándar.<br><strong>L: 36 cm × 275 cm </strong>- Adecuado para banquetes lujosos y mesas largas.<br></p>
<ul>
<li>
<strong>Diseños Variados: </strong>Descubre nuestra amplia gama de diseños impresionantes, cada uno creado para realzar la atmósfera de tus comidas con su encanto único.<br>
</li>
<li>
<strong>Mantenimiento Sencillo: </strong>¡La vida ya es complicada! Por eso, nuestro camino de mesa es lavable a máquina y apto para secado en tambor, simplificando tu rutina de limpieza.<br>
</li>
</ul>
<p>Todos los productos se fabrican por encargo e imprimen según los mejores estándares disponibles. ¡Eleva la decoración de tu mesa con nuestro encantador Camino de Mesa Acolchado, donde el estilo y la practicidad se encuentran!<br></p>
<p><strong>Nota: </strong>Dado que cada uno de nuestros productos se fabrica por encargo, puede haber una variación de aproximadamente 20 % en el color, patrón, acabado y costuras en comparación con las fotos de ejemplo. Sin embargo, garantizamos que el diseño principal se mantenga conforme a lo presentado.<br></p>",Emma Frankfurt,,,Mantelería,true,Tamaño,S (36 cm x 122 cm),,,,,,,,DHOD1-BZ523002,0.0,,0,continue,manual,39.95,134.95,true,true,,,,,,https://cdn.shopify.com/s/files/1/1059/9569/8513/files/BluebonnetSerenadeQuiltedTableRunnerNCU0DV4464_e42f5cc9-d5ea-452c-be35-67252f886d5c.webp?v=1787062401,1,,false,,,,,,,,,,,,,,,,,,,,kg,,,active
camino-de-mesa-acolchado-serenata-de-lupinos,,,,,,,,,M (36 cm × 183 cm),,,,,,,,DHOD1-BZ523003,0.0,,0,continue,manual,44.95,149.95,true,true,,,,,,,,,,,,,,,,,,,,,,,,,,,,,kg,,,
camino-de-mesa-acolchado-serenata-de-lupinos,,,,,,,,,L (36 cm × 275 cm),,,,,,,,,0.0,,0,continue,manual,49.95,164.95,true,true,,,,,,,,,,,,,,,,,,,,,,,,,,,,,kg,,,
camino-de-mesa-acolchado-camino-helado,Gesteppter Tischläufer - Frostiger Pfad,"<p>¡Descubre el encanto de nuestro Camino de Mesa Acolchado, diseñado para añadir un toque de elegancia y confort a tu espacio de comedor!<br></p>
<p><strong>DETALLES DEL PRODUCTO:</strong></p>
<ul>
<li>
<strong>Material de Alta Calidad:</strong> Nuestros edredones están fabricados con una mezcla premium de algodón y poliéster de Jetiy, combinando la suavidad y transpirabilidad del algodón con la durabilidad y facilidad de mantenimiento del poliéster.<br>
</li>
<li>
<strong>Variedad de Tamaños:</strong> Para satisfacer tus necesidades específicas, nuestro camino de mesa está disponible en tres tamaños prácticos:<br>
</li>
</ul>
<p><strong>S: 36 cm x 122 cm </strong>- Perfecto para pequeñas reuniones.<br><strong>M: 36 cm × 183 cm</strong> - Ideal para mesas de tamaño estándar.<br><strong>L: 36 cm × 275 cm </strong>- Adecuado para banquetes lujosos y mesas largas.<br></p>
<ul>
<li>
<strong>Diseños Diversos:</strong> Descubre nuestra amplia gama de diseños deslumbrantes, cada uno creado para realzar la atmósfera de tus comidas con su encanto único.<br>
</li>
<li>
<strong>Mantenimiento Fácil:</strong> ¡La vida ya es complicada! Por eso, nuestro camino de mesa es lavable a máquina y apto para secadora, simplificando tu rutina de limpieza.<br>
</li>
</ul>
<p>Todos los productos se fabrican por encargo e imprimen con los mejores estándares disponibles. ¡Eleva la decoración de tu mesa con nuestro encantador Camino de Mesa Acolchado, donde el estilo y la practicidad se encuentran!<br></p>
<p><strong>Nota:</strong> Como cada uno de nuestros productos se fabrica por encargo, puede haber una variación de aproximadamente el 20 % en el color, el patrón, el acabado y las costuras en comparación con las fotos de ejemplo. Sin embargo, garantizamos que el diseño principal se mantenga conforme a lo presentado.<br></p>",Emma Frankfurt,,,Mantelería,true,Tamaño,S (36 cm x 122 cm),,,,,,,,DHOD1-BZ523002,0.0,,0,continue,manual,39.95,134.95,true,true,,,,,,https://cdn.shopify.com/s/files/1/1059/9569/8513/files/Frost_Rail_Whispers_Quilted_Table_Runner_NCU0TH3434_919e8fdf-fd10-4df6-bf71-1af074ea7b5e.webp?v=1787062400,1,,false,,,,,,,,,,,,,,,,,,,,kg,,,active
camino-de-mesa-acolchado-camino-helado,,,,,,,,,M (36 cm × 183 cm),,,,,,,,DHOD1-BZ523003,0.0,,0,continue,manual,44.95,149.95,true,true,,,,,,,,,,,,,,,,,,,,,,,,,,,,,kg,,,
camino-de-mesa-acolchado-camino-helado,,,,,,,,,L (36 cm × 275 cm),,,,,,,,,0.0,,0,continue,manual,49.95,164.95,true,true,,,,,,,,,,,,,,,,,,,,,,,,,,,,,kg,,,
camino-de-mesa-acolchado-sendero-de-petalos,Gesteppter Tischläufer - Blütenblattpfad,"<p>¡Descubre el encanto de nuestro Camino de Mesa Acolchado, diseñado para añadir un toque de elegancia y confort a tu espacio de comedor!<br></p>
<p><strong>DETALLES DEL PRODUCTO:</strong></p>
<ul>
<li>
<strong>Material de Alta Calidad:</strong> Nuestros edredones están fabricados con una mezcla premium de algodón y poliéster de Jetiy, combinando la suavidad y transpirabilidad del algodón con la durabilidad y facilidad de mantenimiento del poliéster.<br>
</li>
<li>
<strong>Variedad de Tamaños:</strong> Para satisfacer tus necesidades específicas, nuestro camino de mesa está disponible en tres tamaños prácticos:<br>
</li>
</ul>
<p><strong>S: 36 cm x 122 cm </strong>- Perfecto para pequeñas reuniones.<br><strong>M: 36 cm × 183 cm</strong> - Ideal para mesas de tamaño estándar.<br><strong>L: 36 cm × 275 cm </strong>- Adecuado para banquetes lujosos y mesas largas.<br></p>
<ul>
<li>
<strong>Diseños Diversos: </strong>Descubre nuestra amplia gama de diseños deslumbrantes, cada uno creado para realzar la atmósfera de tus comidas con su encanto único.<br>
</li>
<li>
<strong>Mantenimiento Fácil: </strong>¡La vida ya es complicada! Por eso, nuestro camino de mesa es lavable a máquina y apto para secadora, simplificando así tu rutina de limpieza.<br>
</li>
</ul>
<p>Todos los productos se fabrican por encargo e imprimen según los mejores estándares disponibles. ¡Eleva la decoración de tu mesa con nuestro encantador Camino de Mesa Acolchado, donde estilo y practicidad se encuentran!<br></p>
<p><strong>Nota: </strong>Dado que cada uno de nuestros productos se fabrica por encargo, puede haber una variación de aproximadamente el 20 % en el color, el patrón, el acabado y las costuras en comparación con las fotos de ejemplo. Sin embargo, garantizamos que el diseño principal se mantenga conforme a lo presentado.<br></p>",Emma Frankfurt,,,Mantelería,true,Tamaño,S (36 cm x 122 cm),,,,,,,,DHOD1-BZ523002,0.0,,0,continue,manual,39.95,134.95,true,true,,,,,,https://cdn.shopify.com/s/files/1/1059/9569/8513/files/Petal_Path_Quilted_Table_Runner_NCU0VH3685_5abc0109-06bb-4418-b71c-a74288987695.webp?v=1787062400,1,,false,,,,,,,,,,,,,,,,,,,,kg,,,active
camino-de-mesa-acolchado-sendero-de-petalos,,,,,,,,,M (36 cm × 183 cm),,,,,,,,DHOD1-BZ523003,0.0,,0,continue,manual,44.95,149.95,true,true,,,,,,,,,,,,,,,,,,,,,,,,,,,,,kg,,,
camino-de-mesa-acolchado-sendero-de-petalos,,,,,,,,,L (36 cm × 275 cm),,,,,,,,,0.0,,0,continue,manual,49.95,164.95,true,true,,,,,,,,,,,,,,,,,,,,,,,,,,,,,kg,,,
camino-de-mesa-acolchado-cascabeles-festivos,Gesteppter Tischläufer - Festliche Glöckchen,"<p>¡Descubre el encanto de nuestro Camino de Mesa Acolchado, diseñado para añadir un toque de elegancia y confort a tu espacio de comedor!<br></p>  
<p><strong>DETALLES DEL PRODUCTO:</strong></p>  
<ul>  
<li>  
<strong>Material de Alta Calidad:</strong> Nuestras mantas están fabricadas con una mezcla premium de algodón y poliéster de Jetiy, combinando la suavidad y transpirabilidad del algodón con la durabilidad y facilidad de cuidado del poliéster.<br>  
</li>  
<li>  
<strong>Variedad de Tamaños:</strong> Para satisfacer tus necesidades específicas, nuestro camino de mesa está disponible en tres tamaños prácticos:<br>  
</li>  
</ul>  
<p><strong>S: 36 cm x 122 cm</strong> - Perfecto para pequeñas reuniones.<br><strong>M: 36 cm × 183 cm</strong> - Ideal para mesas de tamaño estándar.<br><strong>L: 36 cm × 275 cm</strong> - Adecuado para banquetes lujosos y mesas largas.<br></p>  
<ul>  
<li>  
<strong>Diseños Diversos:</strong> Descubre nuestra amplia gama de diseños deslumbrantes, cada uno creado para realzar la atmósfera de tus comidas con su encanto único.<br>  
</li>  
<li>  
<strong>Cuidado Fácil:</strong> ¡La vida ya es complicada! Por eso, nuestro camino de mesa es lavable a máquina y apto para secado en tambor, simplificando tu rutina de limpieza.<br>  
</li>  
</ul>  
<p>Todos los productos se fabrican bajo pedido e impresos con los mejores estándares disponibles. ¡Eleva la decoración de tu mesa con nuestro encantador Camino de Mesa Acolchado, donde el estilo y la practicidad se encuentran!<br></p>  
<p><strong>Nota:</strong> Como cada uno de nuestros productos se fabrica bajo pedido, puede haber una variación de aproximadamente 20% en términos de color, patrón, acabado y costuras en comparación con las fotos de ejemplo. Sin embargo, garantizamos que el diseño principal se mantendrá conforme a lo presentado.<br></p>",Emma Frankfurt,,,Mantelería,true,Tamaño,S (36 cm x 122 cm),,,,,,,,DHOD1-BZ523002,0.0,,0,continue,manual,39.95,134.95,true,true,,,,,,https://cdn.shopify.com/s/files/1/1059/9569/8513/files/JingleJoyQuiltedTableRunnerNCU0PT1490_2babc253-bfc2-4fa8-a9e7-fc0cf22c98f1.webp?v=1787062399,1,,false,,,,,,,,,,,,,,,,,,,,kg,,,active
camino-de-mesa-acolchado-cascabeles-festivos,,,,,,,,,M (36 cm × 183 cm),,,,,,,,DHOD1-BZ523003,0.0,,0,continue,manual,44.95,149.95,true,true,,,,,,,,,,,,,,,,,,,,,,,,,,,,,kg,,,
camino-de-mesa-acolchado-cascabeles-festivos,,,,,,,,,L (36 cm × 275 cm),,,,,,,,,0.0,,0,continue,manual,49.95,164.95,true,true,,,,,,,,,,,,,,,,,,,,,,,,,,,,,kg,,,
camino-de-mesa-acolchado-estrella-de-belen,Gesteppter Tischläufer - Stern von Bethlehem,"<p>¡Descubre el encanto de nuestro Camino de Mesa Acolchado, diseñado para añadir un toque de elegancia y confort a tu comedor!<br></p>
<p><strong>DETALLES DEL PRODUCTO:</strong></p>
<ul>
<li>
<strong>Material de Alta Calidad:</strong> Nuestros edredones están fabricados con una mezcla premium de algodón y poliéster de Jetiy, combinando la suavidad y transpirabilidad del algodón con la durabilidad y facilidad de mantenimiento del poliéster.<br>
</li>
<li>
<strong>Variedad de Tamaños:</strong> Para satisfacer tus necesidades específicas, nuestro camino de mesa está disponible en tres tamaños prácticos:<br>
</li>
</ul>
<p><strong>S: 36 cm x 122 cm </strong>- Perfecto para pequeñas reuniones.<br><strong>M: 36 cm × 183 cm</strong> - Ideal para mesas de tamaño estándar.<br><strong>L: 36 cm × 275 cm </strong>- Adecuado para banquetes lujosos y mesas largas.<br></p>
<ul>
<li>
<strong>Diseños Diversos:</strong> Descubre nuestra amplia gama de diseños deslumbrantes, cada uno creado para realzar la atmósfera de tus comidas con su encanto único.<br>
</li>
<li>
<strong>Mantenimiento Fácil:</strong> ¡La vida ya es complicada! Por eso, nuestro camino de mesa es lavable a máquina y apto para secadora, simplificando tu rutina de limpieza.<br>
</li>
</ul>
<p>Todos los productos se fabrican por encargo e impresos según los mejores estándares disponibles. ¡Eleva la decoración de tu mesa con nuestro encantador Camino de Mesa Acolchado, donde estilo y practicidad se encuentran!<br></p>
<p><strong>Nota:</strong> Como cada uno de nuestros productos se fabrica por encargo, puede haber una variación de aproximadamente el 20% en el color, el patrón, el acabado y las costuras en comparación con las fotos de ejemplo. Sin embargo, garantizamos que el diseño principal se mantenga conforme a lo presentado.<br></p>",Emma Frankfurt,,,Mantelería,true,Tamaño,S (36 cm x 122 cm),,,,,,,,DHOD1-BZ523002,0.0,,0,continue,manual,39.95,134.95,true,true,,,,,,https://cdn.shopify.com/s/files/1/1059/9569/8513/files/Bethlehem_Star_Quilted_Table_Runner_NCU0DK1334_36a4d5a8-313c-4988-85fb-c6c42819e900.webp?v=1787062400,1,,false,,,,,,,,,,,,,,,,,,,,kg,,,active
camino-de-mesa-acolchado-estrella-de-belen,,,,,,,,,M (36 cm × 183 cm),,,,,,,,DHOD1-BZ523003,0.0,,0,continue,manual,44.95,149.95,true,true,,,,,,,,,,,,,,,,,,,,,,,,,,,,,kg,,,
camino-de-mesa-acolchado-estrella-de-belen,,,,,,,,,L (36 cm × 275 cm),,,,,,,,,0.0,,0,continue,manual,49.95,164.95,true,true,,,,,,,,,,,,,,,,,,,,,,,,,,,,,kg,,,
camino-de-mesa-acolchado-arte-ecuestre,Gesteppter Tischläufer - Pferdekunst,"<p>¡Descubre el encanto de nuestro Camino de Mesa Acolchado, diseñado para añadir un toque de elegancia y confort a tu espacio de comedor!<br></p>
<p><strong>DETALLES DEL PRODUCTO:</strong></p>
<ul>
<li>
<strong>Material de Alta Calidad:</strong> Nuestros edredones están fabricados con una mezcla premium de algodón y poliéster de Jetiy, combinando la suavidad y transpirabilidad del algodón con la durabilidad y facilidad de mantenimiento del poliéster.<br>
</li>
<li>
<strong>Variedad de Tamaños:</strong> Para satisfacer tus necesidades específicas, nuestro camino de mesa está disponible en tres tamaños prácticos:<br>
</li>
</ul>
<p><strong>S: 36 cm x 122 cm </strong>- Perfecto para pequeñas reuniones.<br><strong>M: 36 cm × 183 cm</strong> - Ideal para mesas de tamaño estándar.<br><strong>L: 36 cm × 275 cm </strong>- Adecuado para banquetes lujosos y mesas largas.<br></p>
<ul>
<li>
<strong>Diseños Diversos:</strong> Descubre nuestra amplia gama de diseños deslumbrantes, cada uno creado para realzar la atmósfera de tus comidas con su encanto único.<br>
</li>
<li>
<strong>Mantenimiento Fácil:</strong> ¡La vida ya es complicada! Por eso, nuestro camino de mesa es lavable a máquina y apto para secado en tambor, simplificando tu rutina de limpieza.<br>
</li>
</ul>
<p>Todos los productos se fabrican por encargo e imprimen según los mejores estándares disponibles. ¡Eleva la decoración de tu mesa con nuestro encantador Camino de Mesa Acolchado, donde el estilo y la practicidad se encuentran!<br></p>
<p><strong>Nota:</strong> Como cada uno de nuestros productos se fabrica por encargo, puede haber una variación de aproximadamente el 20% en el color, el patrón, el acabado y las costuras en comparación con las fotos de ejemplo. Sin embargo, garantizamos que el diseño principal se mantenga conforme a lo presentado.<br></p>",Emma Frankfurt,,,Mantelería,true,Tamaño,S (36 cm x 122 cm),,,,,,,,DHOD1-BZ523002,0.0,,0,continue,manual,39.95,134.95,true,true,,,,,,https://cdn.shopify.com/s/files/1/1059/9569/8513/files/Equine-Art-Mystical-Steeds-Quilted-Table-Runner-NCU0PD294.webp?v=1787062399,1,,false,,,,,,,,,,,,,,,,,,,,kg,,,active
camino-de-mesa-acolchado-arte-ecuestre,,,,,,,,,M (36 cm × 183 cm),,,,,,,,DHOD1-BZ523003,0.0,,0,continue,manual,44.95,149.95,true,true,,,,,,,,,,,,,,,,,,,,,,,,,,,,,kg,,,
camino-de-mesa-acolchado-arte-ecuestre,,,,,,,,,L (36 cm × 275 cm),,,,,,,,,0.0,,0,continue,manual,49.95,164.95,true,true,,,,,,,,,,,,,,,,,,,,,,,,,,,,,kg,,,
camino-de-mesa-acolchado-paisaje-de-pinos-nevados,Gesteppter Tischläufer - Verschneite Kiefernlandschaft,"<p>¡Descubre el encanto de nuestro Camino de Mesa Acolchado, diseñado para añadir un toque de elegancia y confort a tu espacio de comedor!<br></p>
<p><strong>DETALLES DEL PRODUCTO:</strong></p>
<ul>
<li>
<strong>Material de Alta Calidad:</strong> Nuestras mantas están fabricadas con una mezcla premium de algodón y poliéster de Jetiy, combinando la suavidad y transpirabilidad del algodón con la durabilidad y facilidad de mantenimiento del poliéster.<br>
</li>
<li>
<strong>Variedad de Tamaños:</strong> Para satisfacer tus necesidades específicas, nuestro camino de mesa está disponible en tres tamaños prácticos:<br>
</li>
</ul>
<p><strong>S: 36 cm x 122 cm </strong>- Perfecto para pequeñas reuniones.<br><strong>M: 36 cm × 183 cm</strong> - Ideal para mesas de tamaño estándar.<br><strong>L: 36 cm × 275 cm </strong>- Adecuado para banquetes lujosos y mesas largas.<br></p>
<ul>
<li>
<strong>Diseños Variados:</strong> Descubre nuestra amplia gama de diseños impresionantes, cada uno creado para realzar la atmósfera de tus comidas con su encanto único.<br>
</li>
<li>
<strong>Mantenimiento Fácil:</strong> ¡La vida ya es complicada! Por eso, nuestro camino de mesa es lavable a máquina y apto para secadora, simplificando tu rutina de limpieza.<br>
</li>
</ul>
<p>Todos los productos se fabrican bajo pedido e impresos según los mejores estándares disponibles. ¡Eleva la decoración de tu mesa con nuestro encantador Camino de Mesa Acolchado, donde estilo y practicidad se encuentran!<br></p>
<p><strong>Nota:</strong> Dado que cada uno de nuestros productos se fabrica bajo pedido, puede haber una variación de aproximadamente el 20% en el color, patrón, acabado y costuras en comparación con las fotos de ejemplo. Sin embargo, garantizamos que el diseño principal se mantenga conforme a lo presentado.<br></p>",Emma Frankfurt,,,Mantelería,true,Tamaño,S (36 cm x 122 cm),,,,,,,,DHOD1-BZ523002,0.0,,0,continue,manual,39.95,134.95,true,true,,,,,,https://cdn.shopify.com/s/files/1/1059/9569/8513/files/FrostedPinescapeQuiltedTableRunnerNCU0PT1385_a9ce1744-0925-4462-a14f-bf7f43267851.webp?v=1787062401,1,,false,,,,,,,,,,,,,,,,,,,,kg,,,active
camino-de-mesa-acolchado-paisaje-de-pinos-nevados,,,,,,,,,M (36 cm × 183 cm),,,,,,,,DHOD1-BZ523003,0.0,,0,continue,manual,44.95,149.95,true,true,,,,,,,,,,,,,,,,,,,,,,,,,,,,,kg,,,
camino-de-mesa-acolchado-paisaje-de-pinos-nevados,,,,,,,,,L (36 cm × 275 cm),,,,,,,,,0.0,,0,continue,manual,49.95,164.95,true,true,,,,,,,,,,,,,,,,,,,,,,,,,,,,,kg,,,
camino-de-mesa-acolchado-corazones-calidos,Gesteppter Tischläufer - Warme Herzen,"<p>¡Descubre el encanto de nuestro Camino de Mesa Acolchado, diseñado para añadir un toque de elegancia y confort a tu comedor!<br></p>
<p><strong>DETALLES DEL PRODUCTO:</strong></p>
<ul>
<li>
<strong>Material de Alta Calidad:</strong> Nuestras mantas están fabricadas con una mezcla premium de algodón y poliéster de Jetiy, combinando la suavidad y transpirabilidad del algodón con la durabilidad y facilidad de mantenimiento del poliéster.<br>
</li>
<li>
<strong>Variedad de Tamaños:</strong> Para satisfacer tus necesidades específicas, nuestro camino de mesa está disponible en tres tamaños prácticos:<br>
</li>
</ul>
<p><strong>S: 36 cm x 122 cm </strong>- Perfecto para pequeñas reuniones.<br><strong>M: 36 cm × 183 cm</strong> - Ideal para mesas de tamaño estándar.<br><strong>L: 36 cm × 275 cm </strong>- Adecuado para banquetes lujosos y mesas largas.<br></p>
<ul>
<li>
<strong>Diseños Diversos:</strong> Descubre nuestra amplia gama de diseños deslumbrantes, cada uno creado para realzar la atmósfera de tus comidas con su encanto único.<br>
</li>
<li>
<strong>Mantenimiento Fácil:</strong> ¡La vida ya es complicada! Por eso, nuestro camino de mesa es lavable a máquina y apto para secadora, simplificando tu rutina de limpieza.<br>
</li>
</ul>
<p>Todos los productos se fabrican por encargo e imprimen según los mejores estándares disponibles. ¡Eleva la decoración de tu mesa con nuestro encantador Camino de Mesa Acolchado, donde estilo y practicidad se encuentran!<br></p>
<p><strong>Nota:</strong> Dado que cada uno de nuestros productos se fabrica por encargo, puede haber una variación de aproximadamente el 20 % en el color, el patrón, el acabado y las costuras en comparación con las fotos de ejemplo. Sin embargo, garantizamos que el diseño principal se mantenga fiel a lo que se presenta.<br></p>",Emma Frankfurt,,,Mantelería,true,Tamaño,S (36 cm x 122 cm),,,,,,,,DHOD1-BZ523002,0.0,,0,continue,manual,39.95,134.95,true,true,,,,,,https://cdn.shopify.com/s/files/1/1059/9569/8513/files/Tender_Space_Quilted_Table_Runner_NCU0DK11737_535752c5-693a-4289-ba0f-9c43ca79d70c.webp?v=1787062399,1,,false,,,,,,,,,,,,,,,,,,,,kg,,,active
camino-de-mesa-acolchado-corazones-calidos,,,,,,,,,M (36 cm × 183 cm),,,,,,,,DHOD1-BZ523003,0.0,,0,continue,manual,44.95,149.95,true,true,,,,,,,,,,,,,,,,,,,,,,,,,,,,,kg,,,
camino-de-mesa-acolchado-corazones-calidos,,,,,,,,,L (36 cm × 275 cm),,,,,,,,,0.0,,0,continue,manual,49.95,164.95,true,true,,,,,,,,,,,,,,,,,,,,,,,,,,,,,kg,,,
camino-de-mesa-acolchado-abundancia-de-otono,Gesteppter Tischläufer - Herbstfülle,"<p>¡Descubre el encanto de nuestro Camino de Mesa Acolchado, diseñado para añadir un toque de elegancia y confort a tu espacio de comedor!<br></p>
<p><strong>DETALLES DEL PRODUCTO:</strong></p>
<ul>
<li>
<strong>Material de Alta Calidad:</strong> Nuestras mantas están fabricadas con una mezcla premium de algodón y poliéster de Jetiy, combinando la suavidad y transpirabilidad del algodón con la durabilidad y facilidad de cuidado del poliéster.<br>
</li>
<li>
<strong>Variedad de Tamaños:</strong> Para satisfacer tus necesidades específicas, nuestro camino de mesa está disponible en tres tamaños prácticos:<br>
</li>
</ul>
<p><strong>S: 36 cm x 122 cm </strong>- Perfecto para reuniones pequeñas.<br><strong>M: 36 cm × 183 cm</strong> - Ideal para mesas de tamaño estándar.<br><strong>L: 36 cm × 275 cm </strong>- Adecuado para banquetes lujosos y mesas largas.<br></p>
<ul>
<li>
<strong>Diseños Diversos:</strong> Descubre nuestra amplia gama de diseños deslumbrantes, cada uno creado para realzar la atmósfera de tus comidas con su encanto único.<br>
</li>
<li>
<strong>Cuidado Fácil:</strong> ¡La vida ya es complicada! Por eso, nuestro camino de mesa es lavable a máquina y apto para secadora, simplificando tu rutina de limpieza.<br>
</li>
</ul>
<p>Todos los productos se fabrican por encargo e impresos con los mejores estándares disponibles. ¡Eleva la decoración de tu mesa con nuestro encantador Camino de Mesa Acolchado, donde el estilo y la practicidad se encuentran!<br></p>
<p><strong>Nota:</strong> Dado que cada uno de nuestros productos se fabrica por encargo, puede haber una variación de aproximadamente el 20 % en el color, el patrón, el acabado y las costuras en comparación con las fotos de ejemplo. Sin embargo, garantizamos que el diseño principal se mantenga conforme a lo presentado.<br></p>",Emma Frankfurt,,,Mantelería,true,Tamaño,S (36 cm x 122 cm),,,,,,,,DHOD1-BZ523002,0.0,,0,continue,manual,39.95,134.95,true,true,,,,,,https://cdn.shopify.com/s/files/1/1059/9569/8513/files/Sacred_Gathering_Quilted_Table_Runner_NCU0NT9017_fb0492db-9c09-49ae-a208-bb6ebc3dfc4b.jpg?v=1787062398,1,,false,,,,,,,,,,,,,,,,,,,,kg,,,active
camino-de-mesa-acolchado-abundancia-de-otono,,,,,,,,,M (36 cm × 183 cm),,,,,,,,DHOD1-BZ523003,0.0,,0,continue,manual,44.95,149.95,true,true,,,,,,,,,,,,,,,,,,,,,,,,,,,,,kg,,,
camino-de-mesa-acolchado-abundancia-de-otono,,,,,,,,,L (36 cm × 275 cm),,,,,,,,,0.0,,0,continue,manual,49.95,164.95,true,true,,,,,,,,,,,,,,,,,,,,,,,,,,,,,kg,,,
camino-de-mesa-acolchado-familia-de-osos-negros,Gesteppter Tischläufer - Schwarzbärenfamilie,"<p>¡Descubre el encanto de nuestro Camino de Mesa Acolchado, diseñado para añadir un toque de elegancia y confort a tu espacio de comedor!<br></p>  
<p><strong>DETALLES DEL PRODUCTO:</strong></p>  
<ul>  
<li>  
<strong>Material de Alta Calidad:</strong> Nuestros caminos de mesa están fabricados con una mezcla premium de algodón y poliéster de Jetiy, combinando la suavidad y transpirabilidad del algodón con la durabilidad y facilidad de mantenimiento del poliéster.<br>  
</li>  
<li>  
<strong>Variedad de Tamaños:</strong> Para satisfacer tus necesidades específicas, nuestro camino de mesa está disponible en tres tamaños prácticos:<br>  
</li>  
</ul>  
<p><strong>S: 36 cm x 122 cm </strong>- Perfecto para pequeñas reuniones.<br><strong>M: 36 cm × 183 cm</strong> - Ideal para mesas de tamaño estándar.<br><strong>L: 36 cm × 275 cm </strong>- Adecuado para banquetes lujosos y mesas largas.<br></p>  
<ul>  
<li>  
<strong>Diseños Diversificados:</strong> Descubre nuestra amplia gama de diseños impresionantes, cada uno creado para realzar la atmósfera de tus comidas con su encanto único.<br>  
</li>  
<li>  
<strong>Mantenimiento Fácil:</strong> ¡La vida ya es complicada! Por eso, nuestro camino de mesa es lavable a máquina y apto para secado a máquina, simplificando tu rutina de limpieza.<br>  
</li>  
</ul>  
<p>Todos los productos se fabrican por encargo e impresos según los mejores estándares disponibles. ¡Eleva la decoración de tu mesa con nuestro encantador Camino de Mesa Acolchado, donde el estilo y la practicidad se encuentran!<br></p>  
<p><strong>Nota:</strong> Dado que cada uno de nuestros productos se fabrica por encargo, puede haber una variación de aproximadamente el 20% en el color, el patrón, el acabado y las costuras en comparación con las fotos de ejemplo. Sin embargo, garantizamos que el diseño principal se mantenga conforme a lo presentado.<br></p>",Emma Frankfurt,,,Mantelería,true,Tamaño,S (36 cm x 122 cm),,,,,,,,DHOD1-BZ523002,0.0,,0,continue,manual,39.95,134.95,true,true,,,,,,https://cdn.shopify.com/s/files/1/1059/9569/8513/files/BlackBearFamilyQuiltedTableRunnerNCU0DV4206.webp?v=1787062398,1,,false,,,,,,,,,,,,,,,,,,,,kg,,,active
camino-de-mesa-acolchado-familia-de-osos-negros,,,,,,,,,M (36 cm × 183 cm),,,,,,,,DHOD1-BZ523003,0.0,,0,continue,manual,44.95,149.95,true,true,,,,,,,,,,,,,,,,,,,,,,,,,,,,,kg,,,
camino-de-mesa-acolchado-familia-de-osos-negros,,,,,,,,,L (36 cm × 275 cm),,,,,,,,,0.0,,0,continue,manual,49.95,164.95,true,true,,,,,,,,,,,,,,,,,,,,,,,,,,,,,kg,,,
camino-de-mesa-acolchado-gracia-divina,Gesteppter Tischläufer - Göttliche Gnade,"<p>¡Descubre el encanto de nuestro Camino de Mesa Acolchado, diseñado para añadir un toque de elegancia y confort a tu espacio de comedor!<br></p>
<p><strong>DETALLES DEL PRODUCTO:</strong></p>
<ul>
<li>
<strong>Material de Alta Calidad:</strong> Nuestras mantas están fabricadas con una mezcla premium de algodón y poliéster de Jetiy, combinando la suavidad y transpirabilidad del algodón con la durabilidad y facilidad de mantenimiento del poliéster.<br>
</li>
<li>
<strong>Variedad de Tamaños:</strong> Para satisfacer tus necesidades específicas, nuestro camino de mesa está disponible en tres tamaños prácticos:<br>
</li>
</ul>
<p><strong>S: 36 cm x 122 cm </strong>- Perfecto para pequeñas reuniones.<br><strong>M: 36 cm × 183 cm</strong> - Ideal para mesas de tamaño estándar.<br><strong>L: 36 cm × 275 cm </strong>- Adecuado para banquetes lujosos y mesas largas.<br></p>
<ul>
<li>
<strong>Diseños Variados:</strong> Descubre nuestra amplia gama de diseños deslumbrantes, cada uno creado para realzar la atmósfera de tus comidas con su encanto único.<br>
</li>
<li>
<strong>Mantenimiento Fácil:</strong> ¡La vida ya es complicada! Por eso, nuestro camino de mesa es lavable a máquina y apto para secadora, simplificando tu rutina de limpieza.<br>
</li>
</ul>
<p>Todos los productos se fabrican por encargo e impresos según los mejores estándares disponibles. ¡Eleva la decoración de tu mesa con nuestro encantador Camino de Mesa Acolchado, donde el estilo y la practicidad se encuentran!<br></p>
<p><strong>Nota:</strong> Dado que cada uno de nuestros productos se fabrica por encargo, puede haber una variación de aproximadamente el 20 % en el color, el patrón, el acabado y las costuras en comparación con las fotos de ejemplo. Sin embargo, garantizamos que el diseño principal se mantenga conforme a lo presentado.<br></p>",Emma Frankfurt,,,Mantelería,true,Tamaño,S (36 cm x 122 cm),,,,,,,,DHOD1-BZ523002,0.0,,0,continue,manual,39.95,134.95,true,true,,,,,,https://cdn.shopify.com/s/files/1/1059/9569/8513/files/25_9d6f9f4c-56bf-447d-b544-c4f9b911e86c.webp?v=1787062399,1,,false,,,,,,,,,,,,,,,,,,,,kg,,,active
camino-de-mesa-acolchado-gracia-divina,,,,,,,,,M (36 cm × 183 cm),,,,,,,,DHOD1-BZ523003,0.0,,0,continue,manual,44.95,149.95,true,true,,,,,,https://cdn.shopify.com/s/files/1/1059/9569/8513/files/DivineMangerQuiltedTableRunnerNCU0NT1426_1.webp?v=1787062398,2,,,,,,,,,,,,,,,,,,,,,,kg,,,
camino-de-mesa-acolchado-gracia-divina,,,,,,,,,L (36 cm × 275 cm),,,,,,,,,0.0,,0,continue,manual,49.95,164.95,true,true,,,,,,https://cdn.shopify.com/s/files/1/1059/9569/8513/files/DivineMangerQuiltedTableRunnerNCU0NT1426_2.webp?v=1787062398,3,,,,,,,,,,,,,,,,,,,,,,kg,,,
camino-de-mesa-acolchado-gracia-divina,,,,,,,,,,,,,,,,,,,,,,,,,,,,,,,,https://cdn.shopify.com/s/files/1/1059/9569/8513/files/DivineMangerQuiltedTableRunnerNCU0NT1426_3.webp?v=1787062398,4,,,,,,,,,,,,,,,,,,,,,,,,,
camino-de-mesa-acolchado-temporada-de-calabazas,Gesteppter Tischläufer - Kürbiszeit,"<p>¡Descubre el encanto de nuestro Camino de Mesa Acolchado, diseñado para añadir un toque de elegancia y confort a tu comedor!<br></p>
<p><strong>DETALLES DEL PRODUCTO:</strong></p>
<ul>
<li>
<strong>Material de Alta Calidad:</strong> Nuestras mantas están fabricadas con una mezcla premium de algodón y poliéster de Jetiy, combinando la suavidad y transpirabilidad del algodón con la durabilidad y facilidad de mantenimiento del poliéster.<br>
</li>
<li>
<strong>Variedad de Tamaños:</strong> Para satisfacer tus necesidades específicas, nuestro camino de mesa está disponible en tres tamaños prácticos:<br>
</li>
</ul>
<p><strong>S: 36 cm x 122 cm </strong>- Perfecto para pequeñas reuniones.<br><strong>M: 36 cm × 183 cm</strong> - Ideal para mesas de tamaño estándar.<br><strong>L: 36 cm × 275 cm </strong>- Adecuado para banquetes lujosos y mesas largas.<br></p>
<ul>
<li>
<strong>Diseños Variados:</strong> Descubre nuestra amplia gama de diseños deslumbrantes, cada uno creado para realzar la atmósfera de tus comidas con su encanto único.<br>
</li>
<li>
<strong>Mantenimiento Fácil:</strong> ¡La vida ya es complicada! Por eso, nuestro camino de mesa es lavable a máquina y apto para secado en tambor, simplificando tu rutina de limpieza.<br>
</li>
</ul>
<p>Todos los productos se fabrican por encargo e impresos según los mejores estándares disponibles. ¡Eleva la decoración de tu mesa con nuestro encantador Camino de Mesa Acolchado, donde estilo y practicidad se encuentran!<br></p>
<p><strong>Nota:</strong> Dado que cada uno de nuestros productos se fabrica por encargo, puede haber una variación de aproximadamente el 20% en el color, el patrón, el acabado y las costuras en comparación con las fotos de ejemplo. Sin embargo, garantizamos que el diseño principal se mantenga conforme a lo presentado.<br></p>",Emma Frankfurt,,,Mantelería,true,Tamaño,S (36 cm x 122 cm),,,,,,,,DHOD1-BZ523002,0.0,,0,continue,manual,39.95,134.95,true,true,,,,,,https://cdn.shopify.com/s/files/1/1059/9569/8513/files/Pumpkin-Spice-Season-Quilted-Table-Runner-NCU0TL1335.webp?v=1787062399,1,,false,,,,,,,,,,,,,,,,,,,,kg,,,active
camino-de-mesa-acolchado-temporada-de-calabazas,,,,,,,,,M (36 cm × 183 cm),,,,,,,,DHOD1-BZ523003,0.0,,0,continue,manual,44.95,149.95,true,true,,,,,,,,,,,,,,,,,,,,,,,,,,,,,kg,,,
camino-de-mesa-acolchado-temporada-de-calabazas,,,,,,,,,L (36 cm × 275 cm),,,,,,,,,0.0,,0,continue,manual,49.95,164.95,true,true,,,,,,,,,,,,,,,,,,,,,,,,,,,,,kg,,,
camino-de-mesa-acolchado-sueno-de-carpas-koi,Gesteppter Tischläufer - Koi-Traum,"<p>¡Descubre el encanto de nuestro Camino de Mesa Acolchado, diseñado para añadir un toque de elegancia y confort a tu espacio de comedor!<br></p>  
<p><strong>DETALLES DEL PRODUCTO:</strong></p>  
<ul>  
<li>  
<strong>Material de Alta Calidad:</strong> Nuestros edredones están fabricados con una mezcla premium de algodón y poliéster de Jetiy, combinando la suavidad y transpirabilidad del algodón con la durabilidad y facilidad de mantenimiento del poliéster.<br>  
</li>  
<li>  
<strong>Variedad de Tamaños:</strong> Para satisfacer tus necesidades específicas, nuestro camino de mesa está disponible en tres tamaños prácticos:<br>  
</li>  
</ul>  
<p><strong>S: 36 cm x 122 cm </strong>- Perfecto para pequeñas reuniones.<br><strong>M: 36 cm × 183 cm</strong> - Ideal para mesas de tamaño estándar.<br><strong>L: 36 cm × 275 cm </strong>- Adecuado para banquetes lujosos y mesas largas.<br></p>  
<ul>  
<li>  
<strong>Diseños Diversos:</strong> Descubre nuestra amplia gama de diseños impresionantes, cada uno creado para realzar la atmósfera de tus comidas con su encanto único.<br>  
</li>  
<li>  
<strong>Mantenimiento Fácil:</strong> ¡La vida ya es complicada! Por eso, nuestro camino de mesa es lavable a máquina y apto para secadora, simplificando tu rutina de limpieza.<br>  
</li>  
</ul>  
<p>Todos los productos se fabrican por encargo e imprimen según los mejores estándares disponibles. ¡Eleva la decoración de tu mesa con nuestro encantador Camino de Mesa Acolchado, donde estilo y practicidad se encuentran!<br></p>  
<p><strong>Nota:</strong> Como cada uno de nuestros productos se fabrica por encargo, puede haber una variación de aproximadamente el 20% en el color, patrón, acabado y costuras en comparación con las fotos de ejemplo. Sin embargo, garantizamos que el diseño principal se mantendrá conforme a lo presentado.<br></p>",Emma Frankfurt,,,Mantelería,true,Tamaño,S (36 cm x 122 cm),,,,,,,,DHOD1-BZ523002,0.0,,0,continue,manual,39.95,134.95,true,true,,,,,,https://cdn.shopify.com/s/files/1/1059/9569/8513/files/Koi_Dream_Quilted_Table_Runner_NCU0DK7519_14156edb-d036-49e4-bac3-c22bdcfa2121.webp?v=1787062398,1,,false,,,,,,,,,,,,,,,,,,,,kg,,,active
camino-de-mesa-acolchado-sueno-de-carpas-koi,,,,,,,,,M (36 cm × 183 cm),,,,,,,,DHOD1-BZ523003,0.0,,0,continue,manual,44.95,149.95,true,true,,,,,,,,,,,,,,,,,,,,,,,,,,,,,kg,,,
camino-de-mesa-acolchado-sueno-de-carpas-koi,,,,,,,,,L (36 cm × 275 cm),,,,,,,,,0.0,,0,continue,manual,49.95,164.95,true,true,,,,,,,,,,,,,,,,,,,,,,,,,,,,,kg,,,
camino-de-mesa-acolchado-corazones-y-rosas,Gesteppter Tischläufer - Herzen und Rosen,"<p>¡Descubre el encanto de nuestro Camino de Mesa Acolchado, diseñado para añadir un toque de elegancia y confort a tu espacio de comedor!<br></p>
<p><strong>DETALLES DEL PRODUCTO:</strong></p>
<ul>
<li>
<strong>Material de Alta Calidad:</strong> Nuestras colchas están fabricadas con una mezcla premium de algodón y poliéster de Jetiy, combinando la suavidad y transpirabilidad del algodón con la durabilidad y facilidad de mantenimiento del poliéster.<br>
</li>
<li>
<strong>Variedad de Tamaños:</strong> Para satisfacer tus necesidades específicas, nuestro camino de mesa está disponible en tres tamaños prácticos:<br>
</li>
</ul>
<p><strong>S: 36 cm x 122 cm </strong>- Perfecto para pequeñas reuniones.<br><strong>M: 36 cm × 183 cm</strong> - Ideal para mesas de tamaño estándar.<br><strong>L: 36 cm × 275 cm </strong>- Adecuado para banquetes lujosos y mesas largas.<br></p>
<ul>
<li>
<strong>Diseños Diversos: </strong>Descubre nuestra amplia variedad de diseños deslumbrantes, cada uno creado para realzar la atmósfera de tus comidas con su encanto único.<br>
</li>
<li>
<strong>Mantenimiento Fácil: </strong>¡La vida ya es complicada! Por eso, nuestro camino de mesa es lavable a máquina y apto para secadora, simplificando así tu rutina de limpieza.<br>
</li>
</ul>
<p>Todos los productos se fabrican por encargo e impresos con los mejores estándares disponibles. ¡Eleva la decoración de tu mesa con nuestro encantador Camino de Mesa Acolchado, donde el estilo y la practicidad se encuentran!<br></p>
<p><strong>Nota: </strong>Como cada uno de nuestros productos se fabrica por encargo, puede haber una variación de aproximadamente el 20 % en el color, el patrón, el acabado y las costuras en comparación con las fotos de ejemplo. Sin embargo, garantizamos que el diseño principal se mantenga fiel a lo presentado.<br></p>",Emma Frankfurt,,,Mantelería,true,Tamaño,S (36 cm x 122 cm),,,,,,,,DHOD1-BZ523002,0.0,,0,continue,manual,39.95,134.95,true,true,,,,,,https://cdn.shopify.com/s/files/1/1059/9569/8513/files/Blush_Rose_Cottage_Heart_Quilted_Table_Runner_NCU0XD2216_8922a4a3-2be7-429a-a0c8-1656d2653901.jpg?v=1787062397,1,,false,,,,,,,,,,,,,,,,,,,,kg,,,active
camino-de-mesa-acolchado-corazones-y-rosas,,,,,,,,,M (36 cm × 183 cm),,,,,,,,DHOD1-BZ523003,0.0,,0,continue,manual,44.95,149.95,true,true,,,,,,,,,,,,,,,,,,,,,,,,,,,,,kg,,,
camino-de-mesa-acolchado-corazones-y-rosas,,,,,,,,,L (36 cm × 275 cm),,,,,,,,,0.0,,0,continue,manual,49.95,164.95,true,true,,,,,,,,,,,,,,,,,,,,,,,,,,,,,kg,,,
camino-de-mesa-acolchado-flores-de-frangipani,Gesteppter Tischläufer - Frangipani-Blüten,"<p>¡Descubre el encanto de nuestro Camino de Mesa Acolchado, diseñado para añadir un toque de elegancia y comodidad a tu espacio de comedor!<br></p>
<p><strong>DETALLES DEL PRODUCTO:</strong></p>
<ul>
<li>
<strong>Material de Alta Calidad:</strong> Nuestros edredones están fabricados con una mezcla premium de algodón y poliéster de Jetiy, combinando la suavidad y transpirabilidad del algodón con la durabilidad y facilidad de mantenimiento del poliéster.<br>
</li>
<li>
<strong>Variedad de Tamaños:</strong> Para satisfacer tus necesidades específicas, nuestro camino de mesa está disponible en tres tamaños prácticos:<br>
</li>
</ul>
<p><strong>S: 36 cm x 122 cm </strong>- Perfecto para pequeñas reuniones.<br><strong>M: 36 cm × 183 cm</strong> - Ideal para mesas de tamaño estándar.<br><strong>L: 36 cm × 275 cm </strong>- Adecuado para banquetes lujosos y mesas largas.<br></p>
<ul>
<li>
<strong>Diseños Diversos:</strong> Descubre nuestra amplia variedad de diseños impresionantes, cada uno creado para realzar la atmósfera de tus comidas con su encanto único.<br>
</li>
<li>
<strong>Mantenimiento Fácil:</strong> ¡La vida ya es complicada! Por eso, nuestro camino de mesa es lavable a máquina y apto para secadora, simplificando tu rutina de limpieza.<br>
</li>
</ul>
<p>Todos los productos se fabrican por encargo e impresos con los mejores estándares disponibles. ¡Eleva la decoración de tu mesa con nuestro encantador Camino de Mesa Acolchado, donde estilo y practicidad se encuentran!<br></p>
<p><strong>Nota:</strong> Dado que cada uno de nuestros productos se fabrica por encargo, puede haber una variación de aproximadamente el 20 % en el color, el patrón, el acabado y las costuras en comparación con las fotos de ejemplo. Sin embargo, garantizamos que el diseño principal se mantenga conforme a lo presentado.<br></p>",Emma Frankfurt,,,Mantelería,true,Tamaño,S (36 cm x 122 cm),,,,,,,,DHOD1-BZ523002,0.0,,0,continue,manual,39.95,134.95,true,true,,,,,,https://cdn.shopify.com/s/files/1/1059/9569/8513/files/Plumeria_Bloom_Quilted_Table_Runner_NCU0VL1901_63e6b1f5-91b5-4a91-a5e9-cde050af55b5.webp?v=1787062397,1,,false,,,,,,,,,,,,,,,,,,,,kg,,,active
camino-de-mesa-acolchado-flores-de-frangipani,,,,,,,,,M (36 cm × 183 cm),,,,,,,,DHOD1-BZ523003,0.0,,0,continue,manual,44.95,149.95,true,true,,,,,,,,,,,,,,,,,,,,,,,,,,,,,kg,,,
camino-de-mesa-acolchado-flores-de-frangipani,,,,,,,,,L (36 cm × 275 cm),,,,,,,,,0.0,,0,continue,manual,49.95,164.95,true,true,,,,,,,,,,,,,,,,,,,,,,,,,,,,,kg,,,
camino-de-mesa-acolchado-jardin-de-girasoles,Gesteppter Tischläufer - Sonnenblumengarten,"<p>¡Descubre el encanto de nuestro Camino de Mesa Acolchado, diseñado para añadir un toque de elegancia y confort a tu espacio de comedor!<br></p>
<p><strong>DETALLES DEL PRODUCTO:</strong></p>
<ul>
<li>
<strong>Material de Alta Calidad:</strong> Nuestras cubiertas de cama están fabricadas con una mezcla premium de algodón y poliéster de Jetiy, combinando la suavidad y la transpirabilidad del algodón con la durabilidad y facilidad de mantenimiento del poliéster.<br>
</li>
<li>
<strong>Variedad de Tamaños:</strong> Para satisfacer tus necesidades específicas, nuestro camino de mesa está disponible en tres tamaños prácticos:<br>
</li>
</ul>
<p><strong>S: 36 cm x 122 cm </strong>- Perfecto para pequeñas reuniones.<br><strong>M: 36 cm × 183 cm</strong> - Ideal para mesas de tamaño estándar.<br><strong>L: 36 cm × 275 cm </strong>- Adecuado para banquetes lujosos y mesas largas.<br></p>
<ul>
<li>
<strong>Diseños Diversos:</strong> Descubre nuestra amplia gama de diseños deslumbrantes, cada uno creado para realzar la atmósfera de tus comidas con su encanto único.<br>
</li>
<li>
<strong>Mantenimiento Fácil:</strong> ¡La vida ya es complicada! Por eso, nuestro camino de mesa es lavable a máquina y apto para secadora, simplificando tu rutina de limpieza.<br>
</li>
</ul>
<p>Todos los productos se fabrican por encargo e imprimen según los mejores estándares disponibles. ¡Eleva la decoración de tu mesa con nuestro encantador Camino de Mesa Acolchado, donde el estilo y la practicidad se encuentran!<br></p>
<p><strong>Nota:</strong> Dado que cada uno de nuestros productos se fabrica por encargo, puede haber una variación de aproximadamente el 20 % en el color, el patrón, el acabado y las costuras en comparación con las fotos de ejemplo. Sin embargo, garantizamos que el diseño principal se mantiene conforme a lo presentado.<br></p>",Emma Frankfurt,,,Mantelería,true,Tamaño,S (36 cm x 122 cm),,,,,,,,DHOD1-BZ523002,0.0,,0,continue,manual,39.95,134.95,true,true,,,,,,https://cdn.shopify.com/s/files/1/1059/9569/8513/files/Artistic-Sunflowers-Garden-Quilted-Table-Runner-NCU0TL040_55c5f11a-bffc-4cde-895d-daab53599a4a.webp?v=1787062397,1,,false,,,,,,,,,,,,,,,,,,,,kg,,,active
camino-de-mesa-acolchado-jardin-de-girasoles,,,,,,,,,M (36 cm × 183 cm),,,,,,,,DHOD1-BZ523003,0.0,,0,continue,manual,44.95,149.95,true,true,,,,,,,,,,,,,,,,,,,,,,,,,,,,,kg,,,
camino-de-mesa-acolchado-jardin-de-girasoles,,,,,,,,,L (36 cm × 275 cm),,,,,,,,,0.0,,0,continue,manual,49.95,164.95,true,true,,,,,,,,,,,,,,,,,,,,,,,,,,,,,kg,,,
camino-de-mesa-acolchado-magnolia-tranquila,Gesteppter Tischläufer - Stille Magnolie,"<p>¡Descubre el encanto de nuestro Camino de Mesa Acolchado, diseñado para añadir un toque de elegancia y confort a tu espacio de comedor!<br></p>  
<p><strong>DETALLES DEL PRODUCTO:</strong></p>  
<ul>  
<li>  
<strong>Material de Alta Calidad:</strong> Nuestras mantas están fabricadas con una mezcla premium de algodón y poliéster de Jetiy, combinando la suavidad y transpirabilidad del algodón con la durabilidad y facilidad de mantenimiento del poliéster.<br>  
</li>  
<li>  
<strong>Variedad de Tamaños:</strong> Para satisfacer tus necesidades específicas, nuestro camino de mesa está disponible en tres tamaños prácticos:<br>  
</li>  
</ul>  
<p><strong>S: 36 cm x 122 cm</strong> - Perfecto para pequeñas reuniones.<br><strong>M: 36 cm × 183 cm</strong> - Ideal para mesas de tamaño estándar.<br><strong>L: 36 cm × 275 cm</strong> - Adecuado para banquetes lujosos y mesas largas.<br></p>  
<ul>  
<li>  
<strong>Diseños Diversos:</strong> Descubre nuestra amplia gama de diseños deslumbrantes, cada uno creado para realzar la atmósfera de tus comidas con su encanto único.<br>  
</li>  
<li>  
<strong>Mantenimiento Fácil:</strong> ¡La vida ya es complicada! Por eso, nuestro camino de mesa es lavable a máquina y apto para secado en tambor, simplificando tu rutina de limpieza.<br>  
</li>  
</ul>  
<p>Todos los productos se fabrican por encargo e imprimen según los mejores estándares disponibles. ¡Eleva la decoración de tu mesa con nuestro encantador Camino de Mesa Acolchado, donde estilo y practicidad se encuentran!<br></p>  
<p><strong>Nota:</strong> Dado que cada uno de nuestros productos se fabrica por encargo, puede haber una variación de aproximadamente el 20% en el color, patrón, acabado y costuras en comparación con las fotos de ejemplo. Sin embargo, garantizamos que el diseño principal se mantenga conforme a lo presentado.<br></p>",Emma Frankfurt,,,Mantelería,true,Tamaño,S (36 cm x 122 cm),,,,,,,,DHOD1-BZ523002,0.0,,0,continue,manual,39.95,134.95,true,true,,,,,,https://cdn.shopify.com/s/files/1/1059/9569/8513/files/Magnolia_Tranquil_Quilted_Table_Runner_NCU0PT6458_c8df7e0e-d089-4a57-80e9-4f2727b946df.webp?v=1787062397,1,,false,,,,,,,,,,,,,,,,,,,,kg,,,active
camino-de-mesa-acolchado-magnolia-tranquila,,,,,,,,,M (36 cm × 183 cm),,,,,,,,DHOD1-BZ523003,0.0,,0,continue,manual,44.95,149.95,true,true,,,,,,,,,,,,,,,,,,,,,,,,,,,,,kg,,,
camino-de-mesa-acolchado-magnolia-tranquila,,,,,,,,,L (36 cm × 275 cm),,,,,,,,,0.0,,0,continue,manual,49.95,164.95,true,true,,,,,,,,,,,,,,,,,,,,,,,,,,,,,kg,,,
camino-de-mesa-acolchado-jardin-en-flores,Gesteppter Tischläufer - Blühender Garten,"<p>¡Descubre el encanto de nuestro Camino de Mesa Acolchado, diseñado para añadir un toque de elegancia y confort a tu espacio de comidas!<br></p>
<p><strong>DETALLES DEL PRODUCTO:</strong></p>
<ul>
<li>
<strong>Material de Alta Calidad:</strong> Nuestras mantas están fabricadas con una mezcla premium de algodón y poliéster de Jetiy, combinando la suavidad y transpirabilidad del algodón con la durabilidad y facilidad de cuidado del poliéster.<br>
</li>
<li>
<strong>Variedad de Tamaños:</strong> Para satisfacer tus necesidades específicas, nuestro camino de mesa está disponible en tres tamaños prácticos:<br>
</li>
</ul>
<p><strong>S: 36 cm x 122 cm </strong>- Perfecto para pequeñas reuniones.<br><strong>M: 36 cm × 183 cm</strong> - Ideal para mesas de tamaño estándar.<br><strong>L: 36 cm × 275 cm </strong>- Adecuado para banquetes lujosos y mesas largas.<br></p>
<ul>
<li>
<strong>Diseños Variados: </strong>Descubre nuestra amplia gama de diseños deslumbrantes, cada uno creado para realzar la atmósfera de tus comidas con su encanto único.<br>
</li>
<li>
<strong>Cuidado Fácil: </strong>¡La vida ya es complicada! Por eso, nuestro camino de mesa es lavable a máquina y apto para secado en tambor, simplificando tu rutina de limpieza.<br>
</li>
</ul>
<p>Todos los productos se fabrican por encargo e impresos según los mejores estándares disponibles. ¡Eleva la decoración de tu mesa con nuestro encantador Camino de Mesa Acolchado, donde el estilo y la practicidad se encuentran!<br></p>
<p><strong>Nota: </strong>Dado que cada uno de nuestros productos se fabrica por encargo, puede haber una variación de aproximadamente el 20 % en el color, patrón, acabado y costuras en comparación con las fotos de ejemplo. Sin embargo, garantizamos que el diseño principal se mantenga conforme a lo presentado.<br></p>",Emma Frankfurt,,,Mantelería,true,Tamaño,S (36 cm x 122 cm),,,,,,,,DHOD1-BZ523002,0.0,,0,continue,manual,39.95,134.95,true,true,,,,,,https://cdn.shopify.com/s/files/1/1059/9569/8513/files/BloomingGardenQuiltedTableRunnerNCU0DV2131.webp?v=1787062397,1,,false,,,,,,,,,,,,,,,,,,,,kg,,,active
camino-de-mesa-acolchado-jardin-en-flores,,,,,,,,,M (36 cm × 183 cm),,,,,,,,DHOD1-BZ523003,0.0,,0,continue,manual,44.95,149.95,true,true,,,,,,,,,,,,,,,,,,,,,,,,,,,,,kg,,,
camino-de-mesa-acolchado-jardin-en-flores,,,,,,,,,L (36 cm × 275 cm),,,,,,,,,0.0,,0,continue,manual,49.95,164.95,true,true,,,,,,,,,,,,,,,,,,,,,,,,,,,,,kg,,,
